{
  "name": "Nimble",
  "description": "Due to being tiny, your physical attributes are dramatically drawn back.\nYou deal 25% less damage and cannot reach as far.",
  "type": "origins:multiple",
  "reach": {
    "type": "origins:attribute",
    "modifier": {
      "attribute": "reach-entity-attributes:reach",
      "value": -2,
      "operation": "addition"
    }
  },
  "attack_reach": {
    "type": "origins:attribute",
    "modifier": {
      "attribute": "reach-entity-attributes:attack_range",
      "value": -1,
      "operation": "addition"
    }
  },
  "so_hungry": {
    "type": "origins:modify_exhaustion",
    "modifier": {
      "operation": "multiply_base",
      "value": 1
    }
  }
}
