{
  "name": "Passive Abilities",
  "description": "You are marked as Aquatic, granting you their traits. You also have a natural opposition to those of the Nether, doing extra damage to them, and because of this, being very mixed with the Arcane Arts.",
  "type": "origins:multiple",
  "aq": { "type": "origins:entity_group", "group": "aquatic" },
  "hatenether": {
    "type": "origins:modify_damage_dealt",
    "bientity_condition": {
      "type": "origins:target_condition",
      "condition": {
        "type": "origins:or",
        "conditions": [
          { "type": "origins:power", "power": "origins:nether_spawn" }
        ]
      }
    },
    "modifier": { "operation": "multiply_total_multiplicative", "value": 0.3 }
  },
  "particles": {
    "type": "origins:particle",
    "frequency": 10,
    "visible_in_first_person": false,
    "visible_while_invisible": true,
    "particle": "minecraft:bubble_pop"
  },
  "adv": {
    "type": "origins:action_on_callback",
    "entity_action_chosen": {
      "type": "apoli:grant_advancement",
      "advancement": "luna:aequor/aequor"
    },
    "execute_chosen_when_orb": true
  },
  "wb": {
    "type": "origins:action_over_time",
    "interval": 19,
    "entity_action": { "type": "origins:gain_air", "value": 100 }
  },
  "xp": {
    "type": "origins:modify_xp_gain",
    "modifier": { "operation": "multiply_total_multiplicative", "value": 1 }
  },
  "magic": {
    "type": "origins:modify_damage_taken",
    "modifier": { "operation": "multiply_total_multiplicative", "value": -1 },
    "damage_condition": { "type": "apugli:magic" }
  },
  "lightning": {
    "type": "origins:modify_damage_taken",
    "modifier": { "operation": "multiply_total_multiplicative", "value": 3 },
    "damage_condition": { "type": "origins:name", "name": "lightning_bolt" }
  },
  "nodmg": {
    "type": "origins:modify_damage_dealt",
    "condition": {
      "type": "origins:resource",
      "compare_to": 0,
      "comparison": "==",
      "resource": "*:aequor/water_water"
    },
    "modifier": { "value": 0, "operation": "set_total" }
  },
  "ignea": {
    "type": "origins:action_on_hit",
    "bientity_condition": {
      "type": "origins:target_condition",
      "condition": { "type": "origins:origin", "origin": "luna:ignea" }
    },
    "bientity_action": {
      "type": "origins:actor_action",
      "action": {
        "type": "origins:grant_advancement",
        "advancement": "luna:aequor/duel"
      }
    }
  },
  "combo": {
    "type": "origins:action_on_hit",
    "bientity_condition": {
      "type": "origins:target_condition",
      "condition": {
        "type": "origins:and",
        "conditions": [
          { "type": "origins:power", "power": "luna:wisps/flashbang" },
          { "type": "origins:power", "power": "luna:aequor/freeze" }
        ]
      }
    },
    "bientity_action": {
      "type": "origins:actor_action",
      "action": {
        "type": "origins:and",
        "actions": [
          {
            "type": "origins:area_of_effect",
            "radius": 30,
            "bientity_condition": {
              "type": "origins:target_condition",
              "condition": { "type": "origins:origin", "origin": "luna:wisp" }
            },
            "bientity_action": {
              "type": "origins:target_action",
              "action": {
                "type": "origins:grant_advancement",
                "advancement": "luna:aequor/combo"
              }
            }
          },
          {
            "type": "origins:grant_advancement",
            "advancement": "luna:aequor/combo"
          }
        ]
      }
    }
  },
  "base_origin_check": {
    "type": "origins:action_when_hit",
    "bientity_condition": {
      "type": "origins:actor_condition",
      "condition": {
        "type": "origins:or",
        "conditions": [
          {
            "type": "origins:origin",
            "origin": "origins:avian",
            "layer": "origins:origin"
          },
          {
            "type": "origins:origin",
            "origin": "origins:arachnid",
            "layer": "origins:origin"
          },
          {
            "type": "origins:origin",
            "origin": "origins:blazeborn",
            "layer": "origins:origin"
          },
          {
            "type": "origins:origin",
            "origin": "origins:elytrian",
            "layer": "origins:origin"
          },
          {
            "type": "origins:origin",
            "origin": "origins:feline",
            "layer": "origins:origin"
          },
          {
            "type": "origins:origin",
            "origin": "origins:merling",
            "layer": "origins:origin"
          },
          {
            "type": "origins:origin",
            "origin": "origins:shulk",
            "layer": "origins:origin"
          },
          {
            "type": "origins:origin",
            "origin": "origins:enderian",
            "layer": "origins:origin"
          },
          {
            "type": "origins:origin",
            "origin": "origins:phantom",
            "layer": "origins:origin"
          },
          {
            "type": "origins:origin",
            "origin": "luna:kitsune",
            "layer": "origins:origin"
          },
          {
            "type": "origins:origin",
            "origin": "luna:bluefox",
            "layer": "origins:origin"
          },
          {
            "type": "origins:origin",
            "origin": "luna:kow",
            "layer": "origins:origin"
          }
        ]
      }
    },
    "bientity_action": {
      "type": "origins:target_action",
      "action": {
        "type": "origins:grant_advancement",
        "advancement": "luna:aequor/abandoned"
      }
    }
  },
  "origin_counter": {
    "type": "origins:action_on_callback",
    "entity_action_chosen": {
      "type": "origins:and",
      "actions": [
        {
          "type": "origins:execute_command",
          "command": "scoreboard players add Aqeuor Origin 1"
        }
      ]
    },
    "entity_action_lost": {
      "type": "origins:and",
      "actions": [
        {
          "type": "origins:execute_command",
          "command": "scoreboard players remove Aequor Origin 1"
        }
      ]
    }
  }
}
