{
  "name": "Water Veil",
  "description": "Disappear for a few seconds, before re-appearing. During Invisibility, you can not heal, but you move faster. Your particles are still visible.",
  "type": "origins:multiple",
  "iv": {
    "type": "origins:invisibility",
    "render_armor": false,
    "condition": {
      "type": "origins:resource",
      "resource": "*:aequor/secondary_resource",
      "comparison": ">",
      "compare_to": 0
    }
  },
  "resource": { "type": "origins:resource", "min": 0, "max": 7 },
  "drain": {
    "type": "origins:action_over_time",
    "entity_action": {
      "type": "origins:change_resource",
      "resource": "*:aequor/secondary_resource",
      "operation": "add",
      "change": -1
    },
    "interval": 20
  },
  "iv2": {
    "type": "origins:prevent_feature_render",
    "features": ["elytra", "held_item"],
    "condition": {
      "type": "origins:resource",
      "resource": "*:aequor/secondary_resource",
      "comparison": ">",
      "compare_to": 0
    }
  },
  "active": {
    "type": "origins:active_self",
    "key": "key.origins.secondary_active",
    "cooldown": 400,
    "entity_action": {
      "type": "origins:and",
      "actions": [
        {
          "type": "origins:change_resource",
          "resource": "*:aequor/secondary_resource",
          "operation": "add",
          "change": 7
        },
        {
          "type": "origins:change_resource",
          "resource": "*:aequor/water_water",
          "operation": "add",
          "change": -200
        },
        {
          "type": "origins:apply_effect",
          "effect": {
            "amplifier": 1,
            "effect": "minecraft:speed",
            "duration": 140
          }
        }
      ]
    }
  },
  "stats": {
    "type": "origins:disable_regen",
    "condition": {
      "type": "origins:resource",
      "resource": "*:aequor/secondary_resource",
      "comparison": ">",
      "compare_to": 0
    }
  }
}
