{
  "name": "Delicate",
  "description": "Lunar flowers are notorious for being extremely delicate. You easily break when not in the correct conditions.",
  "type": "origins:multiple",
  "its_alittle_cold": {
    "type": "origins:freeze",
    "condition": {
      "type": "origins:and",
      "conditions": [
        {
          "type": "origins:or",
          "conditions": [
            {
              "type": "origins:biome",
              "biomes": [
                "minecraft:cold_ocean",
                "minecraft:deep_cold_ocean",
                "minecraft:frozen_ocean",
                "minecraft:deep_frozen_ocean",
                "minecraft:frozen_peaks",
                "minecraft:snowy_beach",
                "minecraft:snowy_plains",
                "minecraft:snowy_slopes",
                "minecraft:snowy_taiga"
              ]
            },
            {
              "type": "origins:on_block",
              "block_condition": {
                "type": "origins:in_tag",
                "tag": "luna:cold"
              }
            },
            {
              "type": "origins:biome",
              "condition": {
                "type": "origins:temperature",
                "compare_to": 0.15,
                "comparison": "<="
              }
            }
          ]
        },
        {
          "type": "origins:equipped_item",
          "equipment_slot": "head",
          "item_condition": {
            "type": "origins:ingredient",
            "ingredient": {
              "item": "minecraft:leather_helmet"
            },
            "inverted": true
          }
        },
        {
          "type": "origins:equipped_item",
          "equipment_slot": "chest",
          "item_condition": {
            "type": "origins:ingredient",
            "ingredient": {
              "item": "minecraft:leather_chestplate"
            },
            "inverted": true
          }
        },
        {
          "type": "origins:equipped_item",
          "equipment_slot": "legs",
          "item_condition": {
            "type": "origins:ingredient",
            "ingredient": {
              "item": "minecraft:leather_leggings"
            },
            "inverted": true
          }
        },
        {
          "type": "origins:equipped_item",
          "equipment_slot": "feet",
          "item_condition": {
            "type": "origins:ingredient",
            "ingredient": {
              "item": "minecraft:leather_boots"
            },
            "inverted": true
          }
        }
      ]
    }
  },
  "ooooooough_its_so_hot": {
    "type": "origins:action_over_time",
    "interval": 400,
    "entity_action": {
      "type": "origins:feed",
      "food": -1,
      "saturation": -0.1
    },
    "condition": {
      "type": "origins:or",
      "conditions": [
        {
          "type": "origins:biome",
          "biomes": [
            "minecraft:badlands",
            "minecraft:desert",
            "minecraft:eroded_badlands"
          ]
        },
        {
          "type": "origins:dimension",
          "dimension": "minecraft:the_nether"
        },
        {
          "type": "origins:biome",
          "condition": {
            "type": "origins:temperature",
            "compare_to": 2,
            "comparison": ">="
          }
        }
      ]
    }
  },
  "fire": {
    "type": "origins:modify_damage_taken",
    "modifier": {
      "value": 1,
      "operation": "addition"
    },
    "damage_condition": {
      "type": "origins:in_tag",
      "tag": "minecraft:is_fire"
    }
  },
  "to_much_water": {
    "type": "origins:action_over_time",
    "interval": 100,
    "entity_action": {
      "type": "origins:apply_effect",
      "effects": [
        {
          "effect": "minecraft:slowness",
          "duration": 200,
          "amplifier": 1
        },
        {
          "effect": "minecraft:weakness",
          "duration": 200,
          "amplifier": 1
        }
      ]
    },
    "condition": {
      "type": "origins:submerged_in",
      "fluid": "minecraft:water"
    }
  },
  "regenerative": {
    "type": "origins:modify_healing",
    "modifier": { "operation": "multiply_total_multiplicative", "value": 0.25 }
  },
  "immunity": {
    "type": "origins:effect_immunity",
    "effects": [
      "minecraft:blindness",
      "minecraft:darkness",
      "minecraft:slowness",
      "minecraft:weakness",
      "minecraft:jump_boost"
    ]
  }
}
