{
  "type": "origins:multiple",
  "name": "Grapple",
  "description": "Use your Flower vines to grapple onto surfaces!\n[During Root: Entangle]\nEntangle your opponents, preventing jumping, and applying Blindness + Weakness.",
  "badges": [
    {
      "type": "origins:tooltip",
      "sprite": "origins:textures/gui/badge/info.png",
      "text": "Heavily inspired from Mossling by Crowdaddy/AsheLeaf"
    }
  ],
  "vine_grab": {
    "type": "origins:active_self",
    "entity_action": {
      "type": "origins:raycast",
      "distance": 40,
      "block": true,
      "entity": true,
      "shape_type": "collider",
      "fluid_handling": "any",
      "bientity_action": {
        "type": "origins:target_action",
        "action": {
          "type": "origins:apply_effect",
          "effects": [
            {
              "effect": "minecraft:weakness",
              "duration": 100,
              "is_ambient": false,
              "show_particles": false,
              "show_icon": true
            },
            {
              "effect": "minecraft:blindness",
              "duration": 20,
              "is_ambient": false,
              "show_particles": false,
              "show_icon": true
            },
            {
              "effect": "minecraft:slowness",
              "duration": 100,
              "is_ambient": false,
              "show_particles": false,
              "show_icon": true
            }
          ]
        }
      },
      "hit_action": {
        "type": "origins:and",
        "actions": [
          {
            "type": "origins:add_velocity",
            "z": 3,
            "y": 0.3,
            "space": "local",
            "set": true
          },
          {
            "type": "origins:play_sound",
            "sound": "entity.slime.attack",
            "volume": 4,
            "pitch": 1
          },
          {
            "type": "origins:apply_effect",
            "effect": {
              "effect": "minecraft:slow_falling",
              "duration": 13,
              "amplifier": 0
            }
          }
        ]
      },
      "command_at_hit": "particle minecraft:dust 1.000 0.388 0.839 1 ~ ~ ~ 0.1 0.1 0.0 1 6 normal @a",
      "command_along_ray": "particle cherry_leaves ~ ~ ~ 0.1 0.1 0.0 1 6 normal",
      "command_step": 1,
      "command_along_ray_only_on_hit": true
    },
    "cooldown": 20,
    "hud_render": {
      "should_render": true,
      "sprite_location": "origins:textures/gui/luna_resource_bar.png",
      "bar_index": 17,
      "icon_index": 1
    },
    "key": {
      "key": "key.origins.primary_active"
    },
    "condition": {
      "type": "origins:and",
      "conditions": [
        { "type": "origins:on_fire", "inverted": true },
        {
          "type": "origins:resource",
          "comparison": "==",
          "compare_to": 0,
          "resource": "*:moonflower/root_resource"
        }
      ]
    }
  }
}
