{
  "type": "origins:multiple",
  "intruder": {
    "type": "origins:action_over_time",
    "interval": 1000,
    "entity_action": {
      "type": "origins:area_of_effect",
      "radius": 9,
      "shape": "cube",
      "bientity_action": {
        "type": "origins:and",
        "actions": [
          {
            "type": "origins:actor_action",
            "action": {
              "type": "origins:and",
              "actions": [
                {
                  "type": "origins:execute_command",
                  "command": "function command:mob_kill"
                },
                {
                  "type": "origins:execute_command",
                  "command": "function command:mob"
                }
              ]
            }
          }
        ]
      },
      "bientity_condition": {
        "type": "origins:and",
        "conditions": [
          { "type": "origins:distance", "compare_to": 9, "comparison": "<=" },
          {
            "type": "origins:target_condition",
            "condition": {
              "type": "origins:nbt",
              "nbt": "{Tags:[\"Command\"]}",
              "inverted": true
            }
          }
        ]
      }
    }
  }
}
