{
  "type": "origins:multiple",
  "name": "Wings",
  "description": "You can fly in the air!\nYour strong wings can propel you through the air.",
  "flying": {
    "type": "origins:action_over_time",
    "interval": 80,
    "entity_action": {
      "type": "origins:and",
      "actions": [
        {
          "type": "origins:add_velocity",
          "z": 0.7,
          "space": "local"
        },
        {
          "type": "origins:execute_command",
          "command": "playsound minecraft:entity.ender_dragon.flap master @s ~ ~ ~ 100 .5"
        }
      ]
    },
    "condition": {
      "type": "origins:and",
      "conditions": [
        {
          "type": "origins:fall_flying"
        },
        {
          "type": "origins:power_active",
          "power": "*:*_toggle"
        }
      ]
    }
  },
  "toggle": {
    "type": "origins:toggle",
    "active_by_default": true,
    "key": "key.origins.secondary_active"
  },
  "elytra": {
    "type": "origins:elytra_flight",
    "render_elytra": true,
    "condition": {
      "type": "origins:submerged_in",
      "fluid": "minecraft:water",
      "inverted": true
    }
  },
  "when_toggle": {
    "type": "origins:active_self",
    "cooldown": 0,
    "key": "key.origins.secondary_active",
    "entity_action": {
      "type": "origins:if_else_list",
      "actions": [
        {
          "action": {
            "type": "origins:execute_command",
            "command": "function luna:stormscale/wing_boost_active"
          },
          "condition": {
            "type": "origins:power_active",
            "power": "*:*_toggle"
          }
        },
        {
          "action": {
            "type": "origins:execute_command",
            "command": "function luna:stormscale/wing_boost_active"
          },
          "condition": {
            "type": "origins:power_active",
            "power": "*:*_toggle",
            "inverted": true
          }
        }
      ]
    }
  }
}
