{
  "name": "Claustrophobic",
  "description": "You live on high mountains and big open spaces, being in enclosed spaces frightens you!\nYou begin to panic, causing you to become faster but also blinding you.",
  "type": "origins:multiple",
  "clastro_shader": {
    "type": "origins:shader",
    "shader": "minecraft:shaders/post/desaturate.json",
    "toggleable": false,
    "condition": {
      "type": "origins:or",
      "conditions": [
        {
          "type": "origins:and",
          "conditions": [
            {
              "type": "origins:block_collision",
              "offset_x": 1,
              "offset_y": 1,
              "offset_z": 1
            },
            {
              "type": "origins:block_collision",
              "offset_x": -1,
              "offset_y": -1,
              "offset_z": -1
            }
          ]
        },
        {
          "type": "origins:in_block",
          "block_condition": {
            "type": "origins:height",
            "compare_to": 0,
            "comparison": "<="
          }
        }
      ]
    }
  },
  "clastro_effects": {
    "type": "origins:action_over_time",
    "interval": 5,
    "entity_action": {
      "type": "origins:apply_effect",
      "effects": [
        {
          "effect": "minecraft:darkness",
          "amplifier": 1,
          "duration": 100
        },
        {
          "effect": "minecraft:speed",
          "amplifier": 1,
          "duration": 100
        }
      ]
    },
    "condition": {
      "type": "origins:or",
      "conditions": [
        {
          "type": "origins:and",
          "conditions": [
            {
              "type": "origins:block_collision",
              "offset_x": 1,
              "offset_y": 1,
              "offset_z": 1
            },
            {
              "type": "origins:block_collision",
              "offset_x": -1,
              "offset_y": -1,
              "offset_z": -1
            }
          ]
        },
        {
          "type": "origins:in_block",
          "block_condition": {
            "type": "origins:height",
            "compare_to": 0,
            "comparison": "<="
          }
        }
      ]
    }
  }
}
