{
  "type": "origins:multiple",
  "name": "Storm Summoner",
  "description": "After channeling enough static charge & overcharge, you can summon a short thunderstorm",
  "badges": [
    {
      "type": "origins:tooltip",
      "sprite": "origins:textures/gui/badge/info.png",
      "text": "Go to Y = 300, Crouch, and hold down [Save Hotbar]] to activate."
    },
    {
      "type": "origins:keybind",
      "sprite": "origins:textures/gui/badge/active.png",
      "text": "Active ability, use with [Save Hotbar]"
    }
  ],
  "storm_summoning_bar": {
    "type": "origins:resource",
    "max": 1125,
    "min": 0,
    "hud_render": {
      "should_render": true
    }
  },
  "casting_storm": {
    "type": "origins:active_self",
    "key": {
      "key": "key.saveToolbarActivator",
      "continuous": true
    },
    "entity_action": {
      "type": "origins:and",
      "actions": [
        {
          "type": "origins:change_resource",
          "change": 5,
          "operation": "add",
          "resource": "*:*_storm_summoning_bar"
        },
        {
          "type": "origins:if_else_list",
          "actions": [
            {
              "action": {
                "type": "origins:execute_command",
                "command": "summon minecraft:lightning_bolt ~-4 ~ ~"
              },
              "condition": {
                "type": "origins:resource",
                "compare_to": 125,
                "comparison": "==",
                "resource": "*:*_storm_summoning_bar"
              }
            },
            {
              "action": {
                "type": "origins:execute_command",
                "command": "summon minecraft:lightning_bolt ~-3 ~ ~3"
              },
              "condition": {
                "type": "origins:resource",
                "compare_to": 250,
                "comparison": "==",
                "resource": "*:*_storm_summoning_bar"
              }
            },
            {
              "action": {
                "type": "origins:execute_command",
                "command": "summon minecraft:lightning_bolt ~ ~ ~4"
              },
              "condition": {
                "type": "origins:resource",
                "compare_to": 375,
                "comparison": "==",
                "resource": "*:*_storm_summoning_bar"
              }
            },
            {
              "action": {
                "type": "origins:execute_command",
                "command": "summon minecraft:lightning_bolt ~3 ~ ~3"
              },
              "condition": {
                "type": "origins:resource",
                "compare_to": 500,
                "comparison": "==",
                "resource": "*:*_storm_summoning_bar"
              }
            },
            {
              "action": {
                "type": "origins:execute_command",
                "command": "summon minecraft:lightning_bolt ~4 ~ ~"
              },
              "condition": {
                "type": "origins:resource",
                "compare_to": 625,
                "comparison": "==",
                "resource": "*:*_storm_summoning_bar"
              }
            },
            {
              "action": {
                "type": "origins:execute_command",
                "command": "summon minecraft:lightning_bolt ~3 ~ ~-3"
              },
              "condition": {
                "type": "origins:resource",
                "compare_to": 750,
                "comparison": "==",
                "resource": "*:*_storm_summoning_bar"
              }
            },
            {
              "action": {
                "type": "origins:execute_command",
                "command": "summon minecraft:lightning_bolt ~ ~ ~-4"
              },
              "condition": {
                "type": "origins:resource",
                "compare_to": 875,
                "comparison": "==",
                "resource": "*:*_storm_summoning_bar"
              }
            },
            {
              "action": {
                "type": "origins:execute_command",
                "command": "summon minecraft:lightning_bolt ~-3 ~ ~-3"
              },
              "condition": {
                "type": "origins:resource",
                "compare_to": 1000,
                "comparison": "==",
                "resource": "*:*_storm_summoning_bar"
              }
            },
            {
              "action": {
                "type": "origins:execute_command",
                "command": "function luna:stormscale/stormsummon"
              },
              "condition": {
                "type": "origins:resource",
                "compare_to": 1125,
                "comparison": "==",
                "resource": "*:*_storm_summoning_bar"
              }
            }
          ]
        }
      ]
    },
    "condition": {
      "type": "origins:and",
      "conditions": [
        {
          "type": "origins:resource",
          "compare_to": 1400,
          "comparison": "==",
          "resource": "luna:stormscale/lightning_breath_energy"
        },
        {
          "type": "origins:resource",
          "compare_to": 700,
          "comparison": "==",
          "resource": "luna:stormscale/lightning_breath_overcharge"
        },
        {
          "type": "origins:in_block",
          "block_condition": {
            "type": "origins:height",
            "compare_to": 300,
            "comparison": ">="
          }
        },
        {
          "type": "origins:sneaking"
        },
        {
          "type": "origins:dimension",
          "dimension": "minecraft:overworld"
        }
      ]
    }
  },
  "summoning_drain": {
    "type": "origins:action_over_time",
    "interval": 50,
    "entity_action": {
      "type": "origins:change_resource",
      "change": -125,
      "operation": "add",
      "resource": "*:*_storm_summoning_bar"
    },
    "condition": {
      "type": "origins:or",
      "conditions": [
        {
          "type": "origins:in_block",
          "block_condition": {
            "type": "origins:height",
            "compare_to": 299,
            "comparison": "<="
          }
        },
        {
          "type": "origins:sneaking",
          "inverted": true
        }
      ]
    }
  }
}
