{
  "type": "origins:multiple",
  "invincible": {
    "type": "origins:action_over_time",
    "hud_render": { "should_render": true },
    "interval": 200,
    "entity_action": {
      "type": "origins:chance",
      "chance": 0.4,
      "action": {
        "type": "origins:and",
        "actions": [
          {
            "type": "origins:add_velocity",
            "y": 1,
            "space": "local"
          },
          {
            "type": "origins:change_resource",
            "change": 1,
            "operation": "set",
            "resource": "*:*_button_two"
          }
        ]
      }
    }
  },
  "on_land": {
    "type": "origins:action_on_land",
    "entity_action": {
      "type": "origins:and",
      "actions": [
        {
          "type": "origins:explode",
          "power": 4,
          "destruction_type": "none",
          "damage_self": false,
          "create_fire": false
        },
        {
          "type": "origins:execute_command",
          "command": "particle minecraft:explosion ~ ~ ~ 1 1 1 1 10"
        },
        {
          "type": "origins:play_sound",
          "sound": "minecraft:entity.generic.explode",
          "category": "master",
          "pitch": 1,
          "volume": 1
        },
        {
          "type": "origins:change_resource",
          "change": 0,
          "operation": "set",
          "resource": "*:*_button_two"
        }
      ]
    },
    "condition": {
      "type": "origins:and",
      "conditions": [
        {
          "type": "origins:resource",
          "compare_to": 1,
          "comparison": "==",
          "resource": "*:*_button_two"
        }
      ]
    }
  },
  "button_two": {
    "type": "origins:resource",
    "min": 0,
    "max": 1
  }
}
