{
  "type": "origins:multiple",
  "apocalypse": {
    "type": "origins:action_over_time",
    "interval": 1000,
    "entity_action": {
      "type": "origins:chance",
      "chance": 0.5,
      "action": {
        "type": "origins:and",
        "actions": [
          {
            "type": "origins:execute_command",
            "command": "function button:right_hand_man/lightning"
          },
          {
            "type": "origins:execute_command",
            "command": "scale set pehkui:base 2 @s"
          },
          {
            "type": "origins:delay",
            "ticks": 600,
            "action": {
              "type": "origins:execute_command",
              "command": "scale reset @s"
            }
          },
          {
            "type": "origins:apply_effect",
            "effects": [
              {
                "effect": "minecraft:strength",
                "duration": 200,
                "amplifier": 1,
                "show_particles": false
              },
              {
                "effect": "minecraft:resistance",
                "duration": 200,
                "amplifier": 2,
                "show_particles": false
              }
            ]
          },
          {
            "type": "origins:spawn_effect_cloud",
            "radius": 5,
            "radius_on_use": -0.5,
            "wait_time": 40,
            "effects": [
              {
                "effect": "weakness",
                "duration": 50,
                "amplifier": 3
              },
              {
                "effect": "slowness",
                "duration": 100,
                "amplifier": 4
              },
              {
                "effect": "blindness",
                "duration": 100,
                "amplifier": 3
              }
            ]
          },
          {
            "type": "origins:add_velocity",
            "y": 2,
            "space": "local"
          },
          {
            "type": "origins:change_resource",
            "change": 1,
            "operation": "set",
            "resource": "*:*_button_seven"
          }
        ]
      }
    }
  },
  "on_land": {
    "type": "origins:action_on_land",
    "entity_action": {
      "type": "origins:and",
      "actions": [
        {
          "type": "origins:explode",
          "power": 3,
          "destruction_type": "none",
          "damage_self": false,
          "create_fire": false
        },
        {
          "type": "origins:execute_command",
          "command": "particle minecraft:explosion ~ ~ ~ 1 1 1 1 10"
        },
        {
          "type": "origins:play_sound",
          "sound": "minecraft:entity.generic.explode",
          "category": "master",
          "pitch": 1,
          "volume": 1
        },
        {
          "type": "origins:change_resource",
          "change": 0,
          "operation": "set",
          "resource": "*:*_button_seven"
        }
      ]
    },
    "condition": {
      "type": "origins:and",
      "conditions": [
        {
          "type": "origins:resource",
          "compare_to": 1,
          "comparison": "==",
          "resource": "*:*_button_seven"
        }
      ]
    }
  },
  "button_seven": {
    "type": "origins:resource",
    "min": 0,
    "max": 1
  }
}
