{
  "type": "origins:multiple",
  "aoe": {
    "type": "origins:action_over_time",
    "interval": 200,
    "entity_action": {
      "type": "origins:chance",
      "chance": 0.6,
      "action": {
        "type": "origins:and",
        "actions": [
          {
            "type": "origins:spawn_effect_cloud",
            "radius": 3,
            "radius_on_use": -0.5,
            "wait_time": 10,
            "effects": [
              {
                "effect": "weakness",
                "duration": 50,
                "amplifier": 3
              },
              {
                "effect": "slowness",
                "duration": 100,
                "amplifier": 4
              },
              {
                "effect": "blindness",
                "duration": 100,
                "amplifier": 3
              }
            ]
          }
        ]
      }
    }
  },
  "condition": {
    "type": "origins:resource",
    "compare_to": 0,
    "comparison": "==",
    "resource": "button:right_hand_man/button_phase"
  }
}
