{
  "type": "origins:multiple",
  "hidden": true,
  "soul_weapons": {
    "type": "origins:conditioned_attribute",
    "tick_rate": 5,
    "modifier": {
      "attribute": "minecraft:generic.attack_damage",
      "value": 0.3,
      "operation": "multiply_base"
    },
    "condition": {
      "type": "origins:equipped_item",
      "equipment_slot": "mainhand",
      "item_condition": {
        "type": "origins:ingredient",
        "ingredient": {
          "tag": "luna:soul_weapons"
        }
      }
    }
  },
  "soul_tooltip": {
    "type": "origins:tooltip",
    "item_condition": {
      "type": "origins:ingredient",
      "ingredient": {
        "tag": "bluefox:soul_weapons"
      }
    },
    "texts": [
      {
        "text": "Aono Kitsune Bonus:",
        "color": "gray"
      },
      {
        "text": "+30% Attack Damage",
        "color": "blue"
      }
    ]
  }
}
