{
  "type": "origins:multiple",
  "shield": {
    "type": "origins:active_self",
    "cooldown": 600,
    "key": {
      "key": "key.origins.primary_active"
    },
    "hud_render": { "should_render": true },
    "entity_action": {
      "type": "origins:and",
      "actions": [
        {
          "type": "origins:delay",
          "ticks": 0,
          "action": {
            "type": "origins:change_resource",
            "change": 1,
            "resource": "*:*_warning"
          }
        },
        {
          "type": "origins:delay",
          "ticks": 50,
          "action": {
            "type": "origins:and",
            "actions": [
              {
                "type": "origins:explode",
                "damage_self": false,
                "power": 2,
                "destruction_type": "none"
              },
              {
                "type": "origins:execute_command",
                "command": "particle minecraft:explosion ~ ~ ~ 1 1 1 1 10"
              },
              {
                "type": "origins:play_sound",
                "sound": "minecraft:entity.generic.explode",
                "category": "master",
                "pitch": 1,
                "volume": 1
              }
            ]
          }
        },
        {
          "type": "origins:delay",
          "ticks": 60,
          "action": {
            "type": "origins:and",
            "actions": [
              {
                "type": "origins:explode",
                "damage_self": false,
                "power": 2,
                "destruction_type": "none"
              },
              {
                "type": "origins:execute_command",
                "command": "particle minecraft:explosion ~ ~ ~ 1 1 1 1 10"
              },
              {
                "type": "origins:play_sound",
                "sound": "minecraft:entity.generic.explode",
                "category": "master",
                "pitch": 1,
                "volume": 1
              }
            ]
          }
        },
        {
          "type": "origins:delay",
          "ticks": 70,
          "action": {
            "type": "origins:and",
            "actions": [
              {
                "type": "origins:explode",
                "damage_self": false,
                "power": 2,
                "destruction_type": "none"
              },
              {
                "type": "origins:execute_command",
                "command": "particle minecraft:explosion ~ ~ ~ 1 1 1 1 10"
              },
              {
                "type": "origins:play_sound",
                "sound": "minecraft:entity.generic.explode",
                "category": "master",
                "pitch": 1,
                "volume": 1
              }
            ]
          }
        },
        {
          "type": "origins:delay",
          "ticks": 80,
          "action": {
            "type": "origins:and",
            "actions": [
              {
                "type": "origins:explode",
                "damage_self": false,
                "power": 2,
                "destruction_type": "none"
              },
              {
                "type": "origins:execute_command",
                "command": "particle minecraft:explosion ~ ~ ~ 1 1 1 1 10"
              },
              {
                "type": "origins:play_sound",
                "sound": "minecraft:entity.generic.explode",
                "category": "master",
                "pitch": 1,
                "volume": 1
              }
            ]
          }
        },
        {
          "type": "origins:delay",
          "ticks": 90,
          "action": {
            "type": "origins:and",
            "actions": [
              {
                "type": "origins:explode",
                "damage_self": false,
                "power": 2,
                "destruction_type": "none"
              },
              {
                "type": "origins:execute_command",
                "command": "particle minecraft:explosion ~ ~ ~ 1 1 1 1 10"
              },
              {
                "type": "origins:play_sound",
                "sound": "minecraft:entity.generic.explode",
                "category": "master",
                "pitch": 1,
                "volume": 1
              }
            ]
          }
        },
        {
          "type": "origins:delay",
          "ticks": 100,
          "action": {
            "type": "origins:and",
            "actions": [
              {
                "type": "origins:explode",
                "damage_self": false,
                "power": 3,
                "destruction_type": "none"
              },
              {
                "type": "origins:execute_command",
                "command": "particle minecraft:explosion ~ ~ ~ 1 1 1 1 10"
              },
              {
                "type": "origins:play_sound",
                "sound": "minecraft:entity.generic.explode",
                "category": "master",
                "pitch": 1,
                "volume": 1
              }
            ]
          }
        },
        {
          "type": "origins:delay",
          "ticks": 110,
          "action": {
            "type": "origins:and",
            "actions": [
              {
                "type": "origins:explode",
                "damage_self": false,
                "power": 3,
                "destruction_type": "none"
              },
              {
                "type": "origins:execute_command",
                "command": "particle minecraft:explosion ~ ~ ~ 1 1 1 1 10"
              },
              {
                "type": "origins:play_sound",
                "sound": "minecraft:entity.generic.explode",
                "category": "master",
                "pitch": 1,
                "volume": 1
              }
            ]
          }
        },
        {
          "type": "origins:delay",
          "ticks": 120,
          "action": {
            "type": "origins:and",
            "actions": [
              {
                "type": "origins:explode",
                "damage_self": false,
                "power": 3,
                "destruction_type": "none"
              },
              {
                "type": "origins:execute_command",
                "command": "particle minecraft:explosion ~ ~ ~ 1 1 1 1 10"
              },
              {
                "type": "origins:play_sound",
                "sound": "minecraft:entity.generic.explode",
                "category": "master",
                "pitch": 1,
                "volume": 1
              },
              {
                "type": "origins:change_resource",
                "change": 0,
                "resource": "*:*_warning",
                "operation": "set"
              }
            ]
          }
        }
      ]
    },
    "condition": {
      "type": "origins:equipped_item",
      "equipment_slot": "offhand",
      "item_condition": {
        "type": "origins:and",
        "conditions": [
          {
            "type": "origins:ingredient",
            "ingredient": { "item": "minecraft:stone_button" }
          },
          {
            "type": "origins:nbt",
            "nbt": "{Enchantments:[{}]}"
          }
        ]
      }
    }
  },
  "explode_warning": {
    "type": "origins:action_over_time",
    "interval": 1,
    "entity_action": {
      "type": "origins:execute_command",
      "command": "particle minecraft:smoke ~ ~ ~ 1 1.5 1 0 50 force"
    },
    "condition": {
      "type": "origins:resource",
      "compare_to": 1,
      "comparison": "==",
      "resource": "*:*_warning"
    }
  },
  "warning": {
    "type": "origins:resource",
    "max": 1,
    "min": 0
  }
}
