{
  "type": "origins:multiple",
  "spawn_mobs": {
    "type": "apugli:mobs_ignore",
    "mob_condition": {
      "type": "origins:or",
      "conditions": [
        {
          "type": "origins:entity_type",
          "entity_type": "minecraft:skeleton"
        },
        {
          "type": "origins:entity_type",
          "entity_type": "minecraft:zombie"
        }
      ]
    }
  },
  "spawn": {
    "type": "origins:active_self",
    "interval": 1000,
    "entity_action": {
      "type": "origins:and",
      "actions": [
        {
          "type": "origins:delay",
          "ticks": 0,
          "action": {
            "type": "origins:execute_command",
            "command": "function button:button_lord/minion_kill"
          }
        },
        {
          "type": "origins:delay",
          "ticks": 1,
          "action": {
            "type": "origins:execute_command",
            "command": "function button:button_lord/mob"
          }
        }
      ]
    },
    "condition": {
      "type": "origins:equipped_item",
      "equipment_slot": "offhand",
      "item_condition": {
        "type": "origins:and",
        "conditions": [
          {
            "type": "origins:ingredient",
            "ingredient": { "item": "minecraft:polished_blackstone_button" }
          },
          {
            "type": "origins:nbt",
            "nbt": "{Enchantments:[{}]}"
          }
        ]
      }
    }
  }
}
