{
  "type": "origins:multiple",
  "button_barrage": {
    "type": "origins:active_self",
    "hud_render": {
      "should_render": true
    },
    "cooldown": 500,
    "key": {
      "key": "key.origins.primary_active"
    },
    "entity_action": {
      "type": "origins:change_resource",
      "change": 1,
      "operation": "set",
      "resource": "*:*_arrow_resource"
    },
    "condition": {
      "type": "origins:equipped_item",
      "equipment_slot": "offhand",
      "item_condition": {
        "type": "origins:and",
        "conditions": [
          {
            "type": "origins:ingredient",
            "ingredient": { "item": "minecraft:oak_button" }
          },
          {
            "type": "origins:nbt",
            "nbt": "{Enchantments:[{}]}"
          }
        ]
      }
    }
  },
  "arrow_resource": {
    "type": "origins:resource",
    "min": 0,
    "max": 1,
    "hud_render": { "should_render": false }
  },
  "rain": {
    "type": "origins:action_over_time",
    "interval": 1,
    "entity_action": {
      "type": "origins:and",
      "actions": [
        {
          "type": "origins:execute_command",
          "command": "scoreboard objectives add button dummy"
        },
        {
          "type": "origins:execute_command",
          "command": "function button:button_lord/raining_arrows"
        },
        {
          "type": "origins:delay",
          "ticks": 100,
          "action": {
            "type": "origins:and",
            "actions": [
              {
                "type": "origins:change_resource",
                "change": 0,
                "operation": "set",
                "resource": "*:*_arrow_resource"
              },
              {
                "type": "origins:execute_command",
                "command": "scoreboard objectives remove button"
              },
              {
                "type": "origins:execute_command",
                "command": "kill @e[tag=rain]"
              }
            ]
          }
        }
      ]
    },
    "condition": {
      "type": "origins:resource",
      "compare_to": 1,
      "comparison": "==",
      "resource": "*:*_arrow_resource"
    }
  }
}
