{
  "type": "origins:multiple",
  "enraged": {
    "type": "origins:active_self",
    "entity_action": {
      "type": "origins:and",
      "actions": [
        {
          "type": "origins:play_sound",
          "category": "master",
          "pitch": 0.5,
          "sound": "minecraft:entity.warden.roar",
          "volume": 1
        },
        {
          "type": "origins:apply_effect",
          "effects": [
            {
              "effect": "minecraft:strength",
              "amplifier": 1,
              "duration": 400
            },
            {
              "effect": "minecraft:speed",
              "amplifier": 1,
              "duration": 400
            },
            {
              "effect": "minecraft:resistance",
              "amplifier": 1,
              "duration": 200
            }
          ]
        }
      ]
    },
    "condition": {
      "type": "origins:equipped_item",
      "equipment_slot": "offhand",
      "item_condition": {
        "type": "origins:and",
        "conditions": [
          {
            "type": "origins:ingredient",
            "ingredient": { "item": "minecraft:warped_button" }
          },
          {
            "type": "origins:nbt",
            "nbt": "{Enchantments:[{}]}"
          }
        ]
      }
    }
  }
}
