{
  "type": "origins:multiple",
  "disable": {
    "type": "origins:active_self",
    "cooldown": 1000,
    "hud_render": { "should_render": false },
    "entity_action": {
      "type": "origins:spawn_effect_cloud",
      "effect": {
        "effect": "minecraft:weakness",
        "amplifier": 3,
        "duration": 100,
        "show_icon": true,
        "show_particles": false
      }
    },
    "condition": {
      "type": "origins:equipped_item",
      "equipment_slot": "offhand",
      "item_condition": {
        "type": "origins:and",
        "conditions": [
          {
            "type": "origins:ingredient",
            "ingredient": { "item": "minecraft:crimson_button" }
          },
          {
            "type": "origins:nbt",
            "nbt": "{Enchantments:[{}]}"
          }
        ]
      }
    }
  }
}
