{
  "name": "Bulkward Stance",
  "description": "Tighten your stance to reduce incoming damage at the cost of movement speed.",
  "type": "origins:multiple",
  "stance": {
    "type": "origins:active_self",
    "cooldown": 300,
    "key": "key.origins.secondary_active",
    "entity_action": {
      "type": "origins:if_else_list",
      "actions": [
        {
          "action": {
            "type": "origins:apply_effect",
            "effects": [
              {
                "effect": "minecraft:resistance",
                "amplifier": 0,
                "duration": 100
              },
              {
                "effect": "minecraft:slowness",
                "amplifier": 0,
                "duration": 100
              }
            ]
          },
          "condition": {
            "type": "origins:resource",
            "compare_to": 100,
            "comparison": "<",
            "resource": "luna:piglin/zombification_infection_master_bar"
          }
        },
        {
          "action": {
            "type": "origins:apply_effect",
            "effects": [
              {
                "effect": "minecraft:resistance",
                "amplifier": 1,
                "duration": 100
              },
              {
                "effect": "minecraft:slowness",
                "amplifier": 1,
                "duration": 100
              }
            ]
          },
          "condition": {
            "type": "origins:and",
            "conditions": [
              {
                "type": "origins:resource",
                "compare_to": 100,
                "comparison": ">=",
                "resource": "luna:piglin/zombification_infection_master_bar"
              },
              {
                "type": "origins:resource",
                "compare_to": 200,
                "comparison": "<",
                "resource": "luna:piglin/zombification_infection_master_bar"
              }
            ]
          }
        },
        {
          "action": {
            "type": "origins:apply_effect",
            "effects": [
              {
                "effect": "minecraft:resistance",
                "amplifier": 2,
                "duration": 100
              },
              {
                "effect": "minecraft:slowness",
                "amplifier": 2,
                "duration": 100
              }
            ]
          },
          "condition": {
            "type": "origins:and",
            "conditions": [
              {
                "type": "origins:resource",
                "compare_to": 200,
                "comparison": ">=",
                "resource": "luna:piglin/zombification_infection_master_bar"
              },
              {
                "type": "origins:resource",
                "compare_to": 300,
                "comparison": "<",
                "resource": "luna:piglin/zombification_infection_master_bar"
              }
            ]
          }
        },
        {
          "action": {
            "type": "origins:apply_effect",
            "effects": [
              {
                "effect": "minecraft:resistance",
                "amplifier": 3,
                "duration": 100
              },
              {
                "effect": "minecraft:slowness",
                "amplifier": 3,
                "duration": 100
              }
            ]
          },
          "condition": {
            "type": "origins:resource",
            "compare_to": 300,
            "comparison": ">=",
            "resource": "luna:piglin/zombification_infection_master_bar"
          }
        }
      ]
    }
  }
}
