{
  "name": "Air Shield",
  "description": "You can condense the air around you to prevent enemys from hurting you!",
  "type": "origins:multiple",
  "invincible_swirl": {
    "type": "apugli:energy_swirl",
    "texture_location": "minecraft:textures/entity/creeper/creeper_armor.png",
    "speed": 0.01,
    "size": 1.05,
    "condition": {
      "type": "origins:resource",
      "compare_to": 1,
      "comparison": "==",
      "resource": "*:*_immune_bar"
    }
  },
  "invincible": {
    "type": "origins:modify_damage_taken",
    "modifier": {
      "operation": "multiply_total",
      "value": -2
    },
    "condition": {
      "type": "origins:resource",
      "compare_to": 1,
      "comparison": "==",
      "resource": "*:*_immune_bar"
    }
  },
  "evade": {
    "type": "origins:modify_damage_taken",
    "modifier": {
      "value": -1,
      "operation": "multiply_total"
    },
    "damage_condition": {
      "type": "origins:projectile"
    },
    "condition": {
      "type": "origins:resource",
      "compare_to": 1,
      "comparison": "==",
      "resource": "*:*_immune_bar"
    }
  },
  "immune_bar": {
    "type": "origins:resource",
    "max": 1,
    "min": 0,
    "hud_render": { "should_render": false }
  },
  "activate": {
    "type": "origins:active_self",
    "hud_render": {
      "should_render": true,
      "sprite_location": "origins:textures/gui/community/spiderkolo/resource_bar_02.png",
      "bar_index": 0
    },
    "key": {
      "key": "key.origins.secondary_active"
    },
    "cooldown": 1200,
    "entity_action": {
      "type": "origins:change_resource",
      "change": 1,
      "operation": "set",
      "resource": "*:*_immune_bar"
    }
  },
  "reset": {
    "type": "origins:action_over_time",
    "interval": 300,
    "entity_action": {
      "type": "origins:change_resource",
      "change": 0,
      "operation": "set",
      "resource": "*:*_immune_bar"
    },
    "condition": {
      "type": "origins:resource",
      "compare_to": 1,
      "comparison": "==",
      "resource": "*:*_immune_bar"
    }
  }
}
