{
  "type": "origins:multiple",
  "counter": {
    "type": "origins:action_over_time",
    "interval": 10,
    "entity_action": {
      "type": "origins:and",
      "actions": [
        {
          "type": "origins:area_of_effect",
          "shape": "cube",
          "radius": 8,
          "bientity_action": {
            "type": "origins:and",
            "actions": [
              {
                "type": "origins:target_action",
                "action": {
                  "type": "origins:damage",
                  "amount": 2,
                  "source": {
                    "bypasses_armor": true,
                    "fire": false,
                    "magic": true,
                    "unblockable": true,
                    "name": "counter"
                  }
                }
              }
            ]
          },
          "bientity_condition": {
            "type": "origins:target_condition",
            "condition": {
              "type": "origins:or",
              "conditions": [
                {
                  "type": "origins:origin",
                  "layer": "origins:origin",
                  "origin": "luna:scorch",
                  "inverted": true
                },
                {
                  "type": "origins:origin",
                  "layer": "origins:origin",
                  "origin": "luna:ronin",
                  "inverted": true
                }
              ]
            }
          }
        },
        {
          "type": "origins:execute_command",
          "command": "particle dust 0.506 0.486 0.463 3 ~ ~ ~ 2.5 2 2.5 0 50 force"
        },
        {
          "type": "origins:execute_command",
          "command": "particle minecraft:electric_spark ~ ~ ~ 2.5 2 2.5 0 50"
        },
        {
          "type": "origins:delay",
          "ticks": 160,
          "action": {
            "type": "origins:execute_command",
            "command": "kill @s"
          }
        }
      ]
    }
  }
}
