{
  "name": "Soul Counter",
  "description": "Siphon your souls around you into a powerful burst of energy that sends people flying.\nThis will, in turn, send you flying to.",
  "type": "origins:multiple",
  "shield": {
    "type": "apugli:energy_swirl",
    "texture_location": "minecraft:textures/entity/creeper/creeper_armor.png",
    "speed": 0.01,
    "size": 1.04,
    "condition": {
      "type": "origins:resource",
      "compare_to": 1,
      "comparison": "==",
      "resource": "*:*_active"
    }
  },
  "shield_2": {
    "type": "apugli:energy_swirl",
    "texture_location": "minecraft:textures/entity/creeper/creeper_armor.png",
    "speed": -0.01,
    "size": 1.05,
    "condition": {
      "type": "origins:resource",
      "compare_to": 1,
      "comparison": "==",
      "resource": "*:*_active"
    }
  },
  "active": {
    "type": "origins:resource",
    "max": 1,
    "min": 0
  },
  "active_key": {
    "type": "origins:active_self",
    "key": "key.saveToolbarActivator",
    "cooldown": 1200,
    "hud_render": {
      "should_render": true,
      "sprite_location": "origins:textures/gui/luna_resource_bar.png",
      "bar_index": 2
    },
    "entity_action": {
      "type": "origins:change_resource",
      "change": 1,
      "resource": "*:*_active",
      "operation": "set"
    },
    "condition": {
      "type": "origins:resource",
      "compare_to": 200,
      "comparison": ">=",
      "resource": "*:bluefox/soul_soul_bar"
    }
  },
  "when_active": {
    "type": "origins:action_when_hit",
    "bientity_action": {
      "type": "origins:and",
      "actions": [
        {
          "type": "origins:add_velocity",
          "z": 3,
          "y": 0.5
        },
        {
          "type": "origins:target_action",
          "action": {
            "type": "origins:and",
            "actions": [
              {
                "type": "origins:execute_command",
                "command": "execute at @s rotated ~ 0 run particle minecraft:soul_fire_flame ^ ^1 ^0.3 0.1 0 0.1 0.5 100 force"
              },
              {
                "type": "origins:change_resource",
                "change": 0,
                "resource": "*:*_active",
                "operation": "set"
              },
              {
                "type": "origins:play_sound",
                "category": "players",
                "pitch": 1.5,
                "sound": "minecraft:entity.generic.explode",
                "volume": 1
              },
              {
                "type": "origins:explode",
                "power": 0,
                "damage_self": false,
                "destruction_type": "none"
              },
              {
                "type": "origins:change_resource",
                "change": -200,
                "resource": "*:bluefox/soul_soul_bar",
                "operation": "add"
              },
              {
                "type": "origins:area_of_effect",
                "radius": 3,
                "bientity_action": {
                  "type": "origins:add_velocity",
                  "z": 3,
                  "y": 0.5
                }
              }
            ]
          }
        }
      ]
    },
    "condition": {
      "type": "origins:resource",
      "compare_to": 1,
      "comparison": "==",
      "resource": "*:*_active"
    }
  },
  "when_active_timer": {
    "type": "origins:action_over_time",
    "interval": 40,
    "entity_action": {
      "type": "origins:change_resource",
      "change": 0,
      "resource": "*:*_active",
      "operation": "set"
    },
    "condition": {
      "type": "origins:resource",
      "compare_to": 1,
      "comparison": "==",
      "resource": "*:*_active"
    }
  },
  "glow": {
    "type": "origins:self_glow",
    "blue": 0.90588235294,
    "green": 0.86666666666,
    "red": 0,
    "use_teams": false,
    "condition": {
      "type": "origins:resource",
      "compare_to": 1,
      "comparison": "==",
      "resource": "*:*_active"
    }
  }
}
