{
  "name": "Moonlit Soul",
  "description": "You are attuned with the moon. Different moon phases dictate how good your dashes are.",
  "type": "origins:multiple",
  "dash": {
    "type": "origins:active_self",
    "key": "key.origins.primary_active",
    "entity_action": {
      "type": "origins:if_else_list",
      "actions": [
        {
          "action": {
            "type": "origins:and",
            "actions": [
              {
                "type": "origins:add_velocity",
                "z": 0.5,
                "space": "local"
              },
              {
                "type": "origins:execute_command",
                "command": "particle dust_color_transition 0.110 0.012 1.000 1 0.071 0.475 1.000 ~ ~ ~ 1 1 1 1 50 normal"
              },
              {
                "type": "origins:change_resource",
                "change": -1,
                "resource": "*:*_dashes",
                "operation": "add"
              },
              {
                "type": "origins:apply_effect",
                "effect": {
                  "effect": "slow_falling",
                  "duration": 10,
                  "show_icon": true
                }
              },
              {
                "type": "origins:execute_command",
                "command": "playsound minecraft:entity.shulker_bullet.hurt master @s ~ ~ ~ 100 1"
              },
              {
                "type": "origins:execute_command",
                "command": "particle minecraft:explosion ~ ~ ~ 0.2 0.2 0.2 0.7 6 force"
              },
              {
                "type": "origins:exhaust",
                "amount": 5
              }
            ]
          },
          "condition": {
            "type": "origins:and",
            "conditions": [
              {
                "type": "origins:predicate",
                "predicate": "luna:is_new_moon"
              },
              {
                "type": "origins:resource",
                "compare_to": 1,
                "comparison": ">=",
                "resource": "*:*_dashes"
              },
              {
                "type": "origins:resource",
                "compare_to": 0,
                "comparison": "==",
                "resource": "*:*_lock"
              },
              {
                "type": "origins:fall_flying",
                "inverted": true
              }
            ]
          }
        },
        {
          "action": {
            "type": "origins:and",
            "actions": [
              {
                "type": "origins:add_velocity",
                "z": 1,
                "space": "local"
              },
              {
                "type": "origins:execute_command",
                "command": "particle dust_color_transition 0.110 0.012 1.000 1 0.071 0.475 1.000 ~ ~ ~ 1 1 1 1 50 normal"
              },
              {
                "type": "origins:change_resource",
                "change": -1,
                "resource": "*:*_dashes",
                "operation": "add"
              },
              {
                "type": "origins:apply_effect",
                "effect": {
                  "effect": "slow_falling",
                  "duration": 10,
                  "show_icon": true
                }
              },
              {
                "type": "origins:execute_command",
                "command": "playsound minecraft:entity.shulker_bullet.hurt master @s ~ ~ ~ 100 1"
              },
              {
                "type": "origins:execute_command",
                "command": "particle minecraft:explosion ~ ~ ~ 0.2 0.2 0.2 0.7 6 force"
              },
              {
                "type": "origins:exhaust",
                "amount": 5
              }
            ]
          },
          "condition": {
            "type": "origins:and",
            "conditions": [
              {
                "type": "origins:predicate",
                "predicate": "luna:is_waxing_crescent"
              },
              {
                "type": "origins:resource",
                "compare_to": 1,
                "comparison": ">=",
                "resource": "*:*_dashes"
              },
              {
                "type": "origins:resource",
                "compare_to": 0,
                "comparison": "==",
                "resource": "*:*_lock"
              },
              {
                "type": "origins:fall_flying",
                "inverted": true
              }
            ]
          }
        },
        {
          "action": {
            "type": "origins:and",
            "actions": [
              {
                "type": "origins:add_velocity",
                "z": 1.5,
                "space": "local"
              },
              {
                "type": "origins:execute_command",
                "command": "particle dust_color_transition 0.110 0.012 1.000 1 0.071 0.475 1.000 ~ ~ ~ 1 1 1 1 50 normal"
              },
              {
                "type": "origins:change_resource",
                "change": -1,
                "resource": "*:*_dashes",
                "operation": "add"
              },
              {
                "type": "origins:apply_effect",
                "effect": {
                  "effect": "slow_falling",
                  "duration": 10,
                  "show_icon": true
                }
              },
              {
                "type": "origins:execute_command",
                "command": "playsound minecraft:entity.shulker_bullet.hurt master @s ~ ~ ~ 100 1"
              },
              {
                "type": "origins:execute_command",
                "command": "particle minecraft:explosion ~ ~ ~ 0.2 0.2 0.2 0.7 6 force"
              },
              {
                "type": "origins:exhaust",
                "amount": 5
              }
            ]
          },
          "condition": {
            "type": "origins:and",
            "conditions": [
              {
                "type": "origins:predicate",
                "predicate": "luna:is_first_quarter"
              },
              {
                "type": "origins:resource",
                "compare_to": 1,
                "comparison": ">=",
                "resource": "*:*_dashes"
              },
              {
                "type": "origins:resource",
                "compare_to": 0,
                "comparison": "==",
                "resource": "*:*_lock"
              },
              {
                "type": "origins:fall_flying",
                "inverted": true
              }
            ]
          }
        },
        {
          "action": {
            "type": "origins:and",
            "actions": [
              {
                "type": "origins:add_velocity",
                "z": 2,
                "space": "local"
              },
              {
                "type": "origins:execute_command",
                "command": "particle dust_color_transition 0.110 0.012 1.000 1 0.071 0.475 1.000 ~ ~ ~ 1 1 1 1 50 normal"
              },
              {
                "type": "origins:change_resource",
                "change": -1,
                "resource": "*:*_dashes",
                "operation": "add"
              },
              {
                "type": "origins:apply_effect",
                "effect": {
                  "effect": "slow_falling",
                  "duration": 10,
                  "show_icon": true
                }
              },
              {
                "type": "origins:execute_command",
                "command": "playsound minecraft:entity.shulker_bullet.hurt master @s ~ ~ ~ 100 1"
              },
              {
                "type": "origins:execute_command",
                "command": "particle minecraft:explosion ~ ~ ~ 0.2 0.2 0.2 0.7 6 force"
              },
              {
                "type": "origins:exhaust",
                "amount": 5
              }
            ]
          },
          "condition": {
            "type": "origins:and",
            "conditions": [
              {
                "type": "origins:predicate",
                "predicate": "luna:is_waxing_gibbous"
              },
              {
                "type": "origins:resource",
                "compare_to": 1,
                "comparison": ">=",
                "resource": "*:*_dashes"
              },
              {
                "type": "origins:resource",
                "compare_to": 0,
                "comparison": "==",
                "resource": "*:*_lock"
              },
              {
                "type": "origins:fall_flying",
                "inverted": true
              }
            ]
          }
        },
        {
          "action": {
            "type": "origins:and",
            "actions": [
              {
                "type": "origins:add_velocity",
                "z": 2.5,
                "space": "local"
              },
              {
                "type": "origins:execute_command",
                "command": "particle dust_color_transition 0.110 0.012 1.000 1 0.071 0.475 1.000 ~ ~ ~ 1 1 1 1 50 normal"
              },
              {
                "type": "origins:change_resource",
                "change": -1,
                "resource": "*:*_dashes",
                "operation": "add"
              },
              {
                "type": "origins:apply_effect",
                "effect": {
                  "effect": "slow_falling",
                  "duration": 10,
                  "show_icon": true
                }
              },
              {
                "type": "origins:execute_command",
                "command": "playsound minecraft:entity.shulker_bullet.hurt master @s ~ ~ ~ 100 1"
              },
              {
                "type": "origins:execute_command",
                "command": "particle minecraft:explosion ~ ~ ~ 0.2 0.2 0.2 0.7 6 force"
              },
              {
                "type": "origins:exhaust",
                "amount": 5
              }
            ]
          },
          "condition": {
            "type": "origins:and",
            "conditions": [
              {
                "type": "origins:predicate",
                "predicate": "luna:is_full_moon"
              },
              {
                "type": "origins:resource",
                "compare_to": 1,
                "comparison": ">=",
                "resource": "*:*_dashes"
              },
              {
                "type": "origins:resource",
                "compare_to": 0,
                "comparison": "==",
                "resource": "*:*_lock"
              },
              {
                "type": "origins:fall_flying",
                "inverted": true
              }
            ]
          }
        },
        {
          "action": {
            "type": "origins:and",
            "actions": [
              {
                "type": "origins:add_velocity",
                "z": 2,
                "space": "local"
              },
              {
                "type": "origins:execute_command",
                "command": "particle dust_color_transition 0.110 0.012 1.000 1 0.071 0.475 1.000 ~ ~ ~ 1 1 1 1 50 normal"
              },
              {
                "type": "origins:change_resource",
                "change": -1,
                "resource": "*:*_dashes",
                "operation": "add"
              },
              {
                "type": "origins:apply_effect",
                "effect": {
                  "effect": "slow_falling",
                  "duration": 10,
                  "show_icon": true
                }
              },
              {
                "type": "origins:execute_command",
                "command": "playsound minecraft:entity.shulker_bullet.hurt master @s ~ ~ ~ 100 1"
              },
              {
                "type": "origins:execute_command",
                "command": "particle minecraft:explosion ~ ~ ~ 0.2 0.2 0.2 0.7 6 force"
              },
              {
                "type": "origins:exhaust",
                "amount": 5
              }
            ]
          },
          "condition": {
            "type": "origins:and",
            "conditions": [
              {
                "type": "origins:predicate",
                "predicate": "luna:is_waning_gibbous"
              },
              {
                "type": "origins:resource",
                "compare_to": 1,
                "comparison": ">=",
                "resource": "*:*_dashes"
              },
              {
                "type": "origins:resource",
                "compare_to": 0,
                "comparison": "==",
                "resource": "*:*_lock"
              },
              {
                "type": "origins:fall_flying",
                "inverted": true
              }
            ]
          }
        },
        {
          "action": {
            "type": "origins:and",
            "actions": [
              {
                "type": "origins:add_velocity",
                "z": 1.5,
                "space": "local"
              },
              {
                "type": "origins:execute_command",
                "command": "particle dust_color_transition 0.110 0.012 1.000 1 0.071 0.475 1.000 ~ ~ ~ 1 1 1 1 50 normal"
              },
              {
                "type": "origins:change_resource",
                "change": -1,
                "resource": "*:*_dashes",
                "operation": "add"
              },
              {
                "type": "origins:apply_effect",
                "effect": {
                  "effect": "slow_falling",
                  "duration": 10,
                  "show_icon": true
                }
              },
              {
                "type": "origins:execute_command",
                "command": "playsound minecraft:entity.shulker_bullet.hurt master @s ~ ~ ~ 100 1"
              },
              {
                "type": "origins:execute_command",
                "command": "particle minecraft:explosion ~ ~ ~ 0.2 0.2 0.2 0.7 6 force"
              },
              {
                "type": "origins:exhaust",
                "amount": 5
              }
            ]
          },
          "condition": {
            "type": "origins:and",
            "conditions": [
              {
                "type": "origins:predicate",
                "predicate": "luna:is_third_quarter"
              },
              {
                "type": "origins:resource",
                "compare_to": 1,
                "comparison": ">=",
                "resource": "*:*_dashes"
              },
              {
                "type": "origins:resource",
                "compare_to": 0,
                "comparison": "==",
                "resource": "*:*_lock"
              },
              {
                "type": "origins:fall_flying",
                "inverted": true
              }
            ]
          }
        },
        {
          "action": {
            "type": "origins:and",
            "actions": [
              {
                "type": "origins:add_velocity",
                "z": 1,
                "space": "local"
              },
              {
                "type": "origins:execute_command",
                "command": "particle dust_color_transition 0.110 0.012 1.000 1 0.071 0.475 1.000 ~ ~ ~ 1 1 1 1 50 normal"
              },
              {
                "type": "origins:change_resource",
                "change": -1,
                "resource": "*:*_dashes",
                "operation": "add"
              },
              {
                "type": "origins:apply_effect",
                "effect": {
                  "effect": "slow_falling",
                  "duration": 10,
                  "show_icon": true
                }
              },
              {
                "type": "origins:execute_command",
                "command": "playsound minecraft:entity.shulker_bullet.hurt master @s ~ ~ ~ 100 1"
              },
              {
                "type": "origins:execute_command",
                "command": "particle minecraft:explosion ~ ~ ~ 0.2 0.2 0.2 0.7 6 force"
              },
              {
                "type": "origins:exhaust",
                "amount": 5
              }
            ]
          },
          "condition": {
            "type": "origins:and",
            "conditions": [
              {
                "type": "origins:predicate",
                "predicate": "luna:is_waning_crescent"
              },
              {
                "type": "origins:resource",
                "compare_to": 1,
                "comparison": ">=",
                "resource": "*:*_dashes"
              },
              {
                "type": "origins:resource",
                "compare_to": 0,
                "comparison": "==",
                "resource": "*:*_lock"
              },
              {
                "type": "origins:fall_flying",
                "inverted": true
              }
            ]
          }
        },
        {
          "action": {
            "type": "origins:and",
            "actions": [
              {
                "type": "origins:add_velocity",
                "z": 0.5,
                "space": "local"
              },
              {
                "type": "origins:apply_effect",
                "effect": {
                  "effect": "slow_falling",
                  "duration": 10,
                  "show_icon": true
                }
              },
              {
                "type": "origins:execute_command",
                "command": "playsound minecraft:entity.shulker_bullet.hurt master @s ~ ~ ~ 100 1"
              },
              {
                "type": "origins:execute_command",
                "command": "particle minecraft:explosion ~ ~ ~ 0.2 0.2 0.2 0.7 6 force"
              },
              {
                "type": "origins:change_resource",
                "resource": "*:*_was_falling",
                "change": 1
              },
              {
                "type": "origins:change_resource",
                "change": -4,
                "resource": "*:*_dashes",
                "operation": "add"
              },
              {
                "type": "origins:exhaust",
                "amount": 5
              }
            ]
          },
          "condition": {
            "type": "origins:and",
            "conditions": [
              {
                "type": "origins:fall_flying"
              },
              {
                "type": "origins:resource",
                "resource": "*:*_dashes",
                "comparison": ">=",
                "compare_to": 4
              },
              {
                "type": "origins:resource",
                "compare_to": 0,
                "comparison": "==",
                "resource": "*:*_lock"
              }
            ]
          }
        }
      ]
    }
  },
  "dashes": {
    "type": "origins:resource",
    "max": 8,
    "min": 0,
    "hud_render": {
      "should_render": true,
      "bar_index": 23,
      "sprite_location": "origins:textures/gui/community/spiderkolo/resource_bar_03.png"
    }
  },
  "lock": {
    "type": "origins:resource",
    "max": 1,
    "min": 0
  },
  "unlock": {
    "type": "origins:action_over_time",
    "interval": 10,
    "entity_action": {
      "type": "origins:change_resource",
      "change": 0,
      "operation": "set",
      "resource": "*:*_lock"
    },
    "condition": {
      "type": "origins:resource",
      "resource": "*:*_dashes",
      "compare_to": 8,
      "comparison": "=="
    }
  },
  "lock_dash": {
    "type": "origins:action_over_time",
    "interval": 10,
    "entity_action": {
      "type": "origins:change_resource",
      "change": 1,
      "resource": "*:*_lock"
    },
    "condition": {
      "type": "origins:resource",
      "resource": "*:*_dashes",
      "compare_to": 0,
      "comparison": "=="
    }
  },
  "recharge": {
    "type": "origins:action_over_time",
    "interval": 40,
    "entity_action": {
      "type": "origins:change_resource",
      "change": 1,
      "resource": "*:*_dashes"
    },
    "condition": {
      "type": "origins:and",
      "conditions": [
        {
          "type": "origins:fall_flying",
          "inverted": true
        },
        {
          "type": "origins:on_fire",
          "inverted": true
        }
      ]
    }
  },
  "recharge_fire": {
    "type": "origins:action_over_time",
    "interval": 80,
    "entity_action": {
      "type": "origins:change_resource",
      "change": 2,
      "resource": "*:*_dashes"
    },
    "condition": {
      "type": "origins:and",
      "conditions": [
        {
          "type": "origins:fall_flying",
          "inverted": true
        },
        {
          "type": "origins:on_fire"
        }
      ]
    }
  },
  "recharge_elytra": {
    "type": "origins:action_over_time",
    "interval": 100,
    "entity_action": {
      "type": "origins:change_resource",
      "change": 1,
      "resource": "*:*_dashes"
    },
    "condition": {
      "type": "origins:fall_flying"
    }
  },
  "xp": {
    "type": "origins:modify_xp_gain",
    "modifier": {
      "operation": "multiply_total",
      "value": 2
    }
  },
  "size": {
    "type": "origins:action_on_callback",
    "execute_chosen_when_orb": true,
    "entity_action_chosen": {
      "type": "origins:execute_command",
      "command": "scale set pehkui:height 0.65 @s"
    },
    "entity_action_respawned": {
      "type": "origins:execute_command",
      "command": "scale set pehkui:height 0.65 @s"
    },
    "entity_action_added": {
      "type": "origins:execute_command",
      "command": "scale set pehkui:height 0.65 @s"
    },
    "entity_action_lost": {
      "type": "origins:execute_command",
      "command": "scale set pehkui:height 1 @s"
    },
    "entity_action_removed": {
      "type": "origins:execute_command",
      "command": "scale set pehkui:height 1 @s"
    }
  },
  "width": {
    "type": "origins:action_on_callback",
    "entity_action_chosen": {
      "type": "origins:execute_command",
      "command": "scale set pehkui:width 0.65 @s"
    },
    "entity_action_respawned": {
      "type": "origins:execute_command",
      "command": "scale set pehkui:width 0.65 @s"
    },
    "entity_action_added": {
      "type": "origins:execute_command",
      "command": "scale set pehkui:width 0.65 @s"
    },
    "entity_action_lost": {
      "type": "origins:execute_command",
      "command": "scale set pehkui:width 1 @s"
    },
    "entity_action_removed": {
      "type": "origins:execute_command",
      "command": "scale set pehkui:width 1 @s"
    }
  },
  "advancement": {
    "type": "origins:action_on_callback",
    "entity_action_chosen": {
      "type": "origins:grant_advancement",
      "advancement": "luna:aono/aono"
    }
  },
  "sounds": {
    "type": "origins:action_over_time",
    "interval": 100,
    "entity_action": {
      "type": "origins:chance",
      "chance": 0.5,
      "action": {
        "type": "origins:play_sound",
        "sound": "minecraft:entity.fox.ambient",
        "category": "ambient",
        "pitch": 1,
        "volume": 1
      }
    },
    "condition": {
      "type": "origins:sneaking",
      "inverted": true
    }
  },
  "fox_hurt": {
    "type": "origins:action_when_damage_taken",
    "cooldown": 0,
    "entity_action": {
      "type": "origins:play_sound",
      "sound": "minecraft:entity.fox.hurt",
      "category": "ambient",
      "pitch": 1,
      "volume": 1
    }
  },
  "soul_luck": {
    "type": "origins:attribute",
    "modifier": {
      "value": 5,
      "operation": "addition",
      "attribute": "minecraft:generic.luck"
    }
  },
  "sweet_berries": {
    "type": "origins:modify_food",
    "item_condition": {
      "type": "origins:ingredient",
      "ingredient": {
        "item": "minecraft:sweet_berries"
      }
    },
    "food_modifier": {
      "operation": "addition",
      "value": 15
    },
    "saturation_modifier": {
      "operation": "addition",
      "value": 1.5
    }
  },
  "day_time_debuff": {
    "type": "origins:action_over_time",
    "interval": 10,
    "entity_action": {
      "type": "origins:apply_effect",
      "effect": {
        "duration": 40,
        "effect": "minecraft:slowness",
        "show_icon": true,
        "show_particles": false
      }
    },
    "condition": {
      "type": "origins:and",
      "conditions": [
        {
          "type": "origins:daytime"
        },
        {
          "type": "origins:dimension",
          "dimension": "minecraft:the_nether",
          "inverted": true
        }
      ]
    }
  },
  "wolf_scared": {
    "type": "origins:action_over_time",
    "interval": 20,
    "entity_action": {
      "type": "origins:apply_effect",
      "effect": {
        "effect": "minecraft:weakness",
        "amplifier": 3,
        "duration": 40
      }
    },
    "condition": {
      "type": "apugli:entity_in_radius",
      "compare_to": 1,
      "comparison": ">=",
      "radius": 3,
      "condition": {
        "type": "origins:entity_type",
        "entity_type": "minecraft:wolf"
      }
    }
  },
  "no_taming_wolfs": {
    "type": "origins:prevent_entity_use",
    "bientity_action": {
      "type": "origins:nothing"
    },
    "bientity_condition": {
      "type": "origins:target_condition",
      "condition": {
        "type": "origins:entity_type",
        "entity_type": "minecraft:wolf"
      }
    }
  },
  "soul_speed": {
    "type": "apugli:modify_soul_speed",
    "modifier": {
      "value": 2,
      "operation": "addition"
    }
  },
  "origin_counter": {
    "type": "origins:action_on_callback",
    "entity_action_chosen": {
      "type": "origins:and",
      "actions": [
        {
          "type": "origins:execute_command",
          "command": "scoreboard players add AonoKitsune Origin 1"
        }
      ]
    },
    "entity_action_lost": {
      "type": "origins:execute_command",
      "command": "scoreboard players remove AonoKitsune Origin 1"
    }
  }
}
