{
  "name": "Spiritual Summoning",
  "description": "Using stored souls, you can send some out to fight for you.",
  "type": "origins:multiple",
  "spirits": {
    "type": "origins:active_self",
    "key": "key.origins.secondary_active",
    "cooldown": 0,
    "entity_action": {
      "type": "origins:and",
      "actions": [
        {
          "type": "origins:execute_command",
          "command": "function luna:bluefox/summon"
        },
        {
          "type": "origins:change_resource",
          "change": -300,
          "operation": "add",
          "resource": "*:bluefox/soul_soul_bar"
        }
      ]
    },
    "condition": {
      "type": "origins:resource",
      "compare_to": 300,
      "comparison": ">=",
      "resource": "*:bluefox/soul_soul_bar"
    }
  }
}
