{
  "name": "Stim",
  "description": "Inject yourself with Stimulen, making you faster.",
  "type": "origins:multiple",
  "condition": {
    "type": "origins:resource",
    "resource": "*:*_stim_activate",
    "comparison": "!=",
    "compare_to": 0
  },
  "stim_activate": {
    "type": "origins:active_self",
    "cooldown": 400,
    "key": {
      "key": "primary"
    },
    "hud_render": {
      "should_render": true
    },
    "entity_action": {
      "type": "origins:execute_command",
      "command": "/effect give @s minecraft:speed 20 10"
    }
  }
}
