{
  "name": "Heat Protection",
  "description": "You can apply blue ice to your armor to protect you from heat elements",
  "type": "origins:multiple",
  "protection_resource": {
    "type": "origins:resource",
    "max": 16,
    "min": 0
  },
  "overlay_1": {
    "type": "origins:overlay",
    "blue": 1,
    "green": 1,
    "red": 0,
    "strength": 0.1,
    "draw_mode": "nausea",
    "draw_phase": "below_hud",
    "texture": "minecraft:textures/misc/nausea.png",
    "condition": {
      "type": "origins:and",
      "conditions": [
        {
          "type": "origins:resource",
          "compare_to": 4,
          "comparison": "<=",
          "resource": "*:*_protection_resource"
        },
        {
          "type": "origins:resource",
          "compare_to": 1,
          "comparison": ">=",
          "resource": "*:*_protection_resource"
        }
      ]
    }
  },
  "overlay_2": {
    "type": "origins:overlay",
    "blue": 1,
    "green": 1,
    "red": 0,
    "strength": 0.2,
    "draw_mode": "nausea",
    "draw_phase": "below_hud",
    "texture": "minecraft:textures/misc/nausea.png",
    "condition": {
      "type": "origins:and",
      "conditions": [
        {
          "type": "origins:resource",
          "compare_to": 8,
          "comparison": "<=",
          "resource": "*:*_protection_resource"
        },
        {
          "type": "origins:resource",
          "compare_to": 5,
          "comparison": ">=",
          "resource": "*:*_protection_resource"
        }
      ]
    }
  },
  "overlay_3": {
    "type": "origins:overlay",
    "blue": 1,
    "green": 1,
    "red": 0,
    "strength": 0.3,
    "draw_mode": "nausea",
    "draw_phase": "below_hud",
    "texture": "minecraft:textures/misc/nausea.png",
    "condition": {
      "type": "origins:and",
      "conditions": [
        {
          "type": "origins:resource",
          "compare_to": 12,
          "comparison": "<=",
          "resource": "*:*_protection_resource"
        },
        {
          "type": "origins:resource",
          "compare_to": 9,
          "comparison": ">=",
          "resource": "*:*_protection_resource"
        }
      ]
    }
  },
  "overlay_4": {
    "type": "origins:overlay",
    "blue": 1,
    "green": 1,
    "red": 0,
    "strength": 0.4,
    "draw_mode": "nausea",
    "draw_phase": "below_hud",
    "texture": "minecraft:textures/misc/nausea.png",
    "condition": {
      "type": "origins:and",
      "conditions": [
        {
          "type": "origins:resource",
          "compare_to": 16,
          "comparison": "<=",
          "resource": "*:*_protection_resource"
        },
        {
          "type": "origins:resource",
          "compare_to": 13,
          "comparison": ">=",
          "resource": "*:*_protection_resource"
        }
      ]
    }
  },
  "gain": {
    "type": "origins:active_self",
    "cooldown": 5,
    "key": "key.use",
    "entity_action": {
      "type": "origins:if_else_list",
      "actions": [
        {
          "action": {
            "type": "origins:and",
            "actions": [
              {
                "type": "origins:change_resource",
                "change": 1,
                "operation": "add",
                "resource": "*:*_protection_resource"
              },
              {
                "type": "origins:execute_command",
                "command": "clear @s minecraft:blue_ice"
              }
            ]
          },
          "condition": {
            "type": "origins:and",
            "conditions": [
              {
                "type": "origins:inventory",
                "compare_to": 1,
                "comparison": "==",
                "slots": [
                  "armor.head",
                  "armor.chest",
                  "armor.legs",
                  "armor.feet"
                ]
              },
              {
                "type": "origins:resource",
                "compare_to": 4,
                "comparison": "<",
                "resource": "*:*_protection_resource"
              },
              {
                "type": "origins:equipped_item",
                "equipment_slot": "mainhand",
                "item_condition": {
                  "type": "origins:ingredient",
                  "ingredient": {
                    "item": "minecraft:blue_ice"
                  }
                }
              }
            ]
          }
        },
        {
          "action": {
            "type": "origins:and",
            "actions": [
              {
                "type": "origins:change_resource",
                "change": 1,
                "operation": "add",
                "resource": "*:*_protection_resource"
              },
              {
                "type": "origins:execute_command",
                "command": "clear @s minecraft:blue_ice"
              }
            ]
          },
          "condition": {
            "type": "origins:and",
            "conditions": [
              {
                "type": "origins:inventory",
                "compare_to": 2,
                "comparison": "==",
                "slots": [
                  "armor.head",
                  "armor.chest",
                  "armor.legs",
                  "armor.feet"
                ]
              },
              {
                "type": "origins:resource",
                "compare_to": 4,
                "comparison": "<",
                "resource": "*:*_protection_resource"
              },
              {
                "type": "origins:equipped_item",
                "equipment_slot": "mainhand",
                "item_condition": {
                  "type": "origins:ingredient",
                  "ingredient": {
                    "item": "minecraft:blue_ice"
                  }
                }
              }
            ]
          }
        },
        {
          "action": {
            "type": "origins:and",
            "actions": [
              {
                "type": "origins:change_resource",
                "change": 1,
                "operation": "add",
                "resource": "*:*_protection_resource"
              },
              {
                "type": "origins:execute_command",
                "command": "clear @s minecraft:blue_ice"
              }
            ]
          },
          "condition": {
            "type": "origins:and",
            "conditions": [
              {
                "type": "origins:inventory",
                "compare_to": 3,
                "comparison": "==",
                "slots": [
                  "armor.head",
                  "armor.chest",
                  "armor.legs",
                  "armor.feet"
                ]
              },
              {
                "type": "origins:resource",
                "compare_to": 4,
                "comparison": "<",
                "resource": "*:*_protection_resource"
              },
              {
                "type": "origins:equipped_item",
                "equipment_slot": "mainhand",
                "item_condition": {
                  "type": "origins:ingredient",
                  "ingredient": {
                    "item": "minecraft:blue_ice"
                  }
                }
              }
            ]
          }
        },
        {
          "action": {
            "type": "origins:and",
            "actions": [
              {
                "type": "origins:change_resource",
                "change": 1,
                "operation": "add",
                "resource": "*:*_protection_resource"
              },
              {
                "type": "origins:execute_command",
                "command": "clear @s minecraft:blue_ice"
              }
            ]
          },
          "condition": {
            "type": "origins:and",
            "conditions": [
              {
                "type": "origins:inventory",
                "compare_to": 4,
                "comparison": "==",
                "slots": [
                  "armor.head",
                  "armor.chest",
                  "armor.legs",
                  "armor.feet"
                ]
              },
              {
                "type": "origins:resource",
                "compare_to": 4,
                "comparison": "<",
                "resource": "*:*_protection_resource"
              },
              {
                "type": "origins:equipped_item",
                "equipment_slot": "mainhand",
                "item_condition": {
                  "type": "origins:ingredient",
                  "ingredient": {
                    "item": "minecraft:blue_ice"
                  }
                }
              }
            ]
          }
        }
      ]
    }
  },
  "fire_1": {
    "type": "origins:modify_damage_taken",
    "modifier": {
      "value": -0.25,
      "operation": "multiply_total"
    },
    "condition": {
      "type": "origins:and",
      "conditions": [
        {
          "type": "origins:in_tag",
          "tag": "minecraft:is_fire"
        },
        {
          "type": "origins:resource",
          "compare_to": 4,
          "comparison": "<=",
          "resource": "*:*_protection_resource"
        },
        {
          "type": "origins:resource",
          "compare_to": 1,
          "comparison": ">=",
          "resource": "*:*_protection_resource"
        }
      ]
    }
  },
  "fire_2": {
    "type": "origins:modify_damage_taken",
    "modifier": {
      "value": -0.5,
      "operation": "multiply_total"
    },
    "condition": {
      "type": "origins:and",
      "conditions": [
        {
          "type": "origins:in_tag",
          "tag": "minecraft:is_fire"
        },
        {
          "type": "origins:resource",
          "compare_to": 8,
          "comparison": "<=",
          "resource": "*:*_protection_resource"
        },
        {
          "type": "origins:resource",
          "compare_to": 5,
          "comparison": ">=",
          "resource": "*:*_protection_resource"
        }
      ]
    }
  },
  "fire_3": {
    "type": "origins:modify_damage_taken",
    "modifier": {
      "value": -0.75,
      "operation": "multiply_total"
    },
    "condition": {
      "type": "origins:and",
      "conditions": [
        {
          "type": "origins:in_tag",
          "tag": "minecraft:is_fire"
        },
        {
          "type": "origins:resource",
          "compare_to": 12,
          "comparison": "<=",
          "resource": "*:*_protection_resource"
        },
        {
          "type": "origins:resource",
          "compare_to": 9,
          "comparison": ">=",
          "resource": "*:*_protection_resource"
        }
      ]
    }
  },
  "fire_4": {
    "type": "origins:modify_damage_taken",
    "modifier": {
      "value": -1,
      "operation": "multiply_total"
    },
    "condition": {
      "type": "origins:and",
      "conditions": [
        {
          "type": "origins:in_tag",
          "tag": "minecraft:is_fire"
        },
        {
          "type": "origins:resource",
          "compare_to": 16,
          "comparison": "<=",
          "resource": "*:*_protection_resource"
        },
        {
          "type": "origins:resource",
          "compare_to": 13,
          "comparison": ">=",
          "resource": "*:*_protection_resource"
        }
      ]
    }
  },
  "remove_protection_levels": {
    "type": "origins:action_over_time",
    "interval": 100,
    "entity_action": {
      "type": "origins:change_resource",
      "change": -1,
      "resource": "*:*_protection_resource"
    },
    "condition": {
      "type": "origins:on_fire"
    }
  },
  "if_no_protection": {
    "type": "origins:modify_damage_taken",
    "modifier": {
      "value": 1,
      "operation": "multiply_total"
    },
    "condition": {
      "type": "origins:and",
      "conditions": [
        {
          "type": "origins:in_tag",
          "tag": "minecraft:is_fire"
        },
        {
          "type": "origins:resource",
          "compare_to": 0,
          "comparison": "==",
          "resource": "*:*_protection_resource"
        }
      ]
    }
  }
}
