{
  "type": "betterend:infusion",
  "input": {
    "item": "minecraft:oak_button",
    "nbt": "{display:{Name:'{\"text\":\"A Button\",\"color\":\"gold\",\"bold\":true,\"italic\":true}',Lore:['{\"text\":\"`It may not be special, but its yours`\",\"color\":\"gray\",\"italic\":true}']},Enchantments:[{}]}"
  },
  "result": {
    "item": "betterend:pythadendron_button",
    "nbt": "{display:{Name:'{\"text\":\"A Ancient Button\",\"color\":\"gold\",\"bold\":true,\"italic\":true}',Lore:['{\"text\":\"`An ancient button from long ago.`\",\"color\":\"gray\",\"italic\":true}']},Enchantments:[{}]}"
  },
  "time": 300,
  "catalysts": {
    "north": {
      "item": "minecraft:polished_blackstone_button",
      "nbt": "{display:{Name:'{\"text\":\"A Button III\",\"color\":\"gold\",\"bold\":true,\"italic\":true}',Lore:['{\"text\":\"`Theres three of them now! This is getting out of hand.`\",\"color\":\"gray\",\"italic\":true}']},Enchantments:[{}]}"
    },
    "north_east": {
      "item": "minecraft:cherry_button",
      "nbt": "{display:{Name:'{\"text\":\"A Button IV\",\"color\":\"gold\",\"bold\":true,\"italic\":true}',Lore:['{\"text\":\"`The forth, is it useful yet? No.`\",\"color\":\"gray\",\"italic\":true}']},Enchantments:[{}]}"
    },
    "east": { "item": "betterend:eternal_crystal" },
    "south_east": {
      "item": "minecraft:warped_button",
      "nbt": "{display:{Name:'{\"text\":\"A Button V\",\"color\":\"gold\",\"bold\":true,\"italic\":true}',Lore:['{\"text\":\"`From a simple button to a series.`\",\"color\":\"gray\",\"italic\":true}']},Enchantments:[{}]}"
    },
    "south": {
      "item": "minecraft:crimson_button",
      "nbt": "{display:{Name:'{\"text\":\"A Button VI\",\"color\":\"gold\",\"bold\":true,\"italic\":true}',Lore:['{\"text\":\"`It does something!.`\",\"color\":\"gray\",\"italic\":true}']},Enchantments:[{}]}"
    },
    "south_west": {
      "item": "minecraft:mangrove_button",
      "nbt": "{display:{Name:'{\"text\":\"Button VII\",\"color\":\"gold\",\"bold\":true,\"italic\":true}',Lore:['{\"text\":\"`It was never just a button!`\",\"color\":\"gray\",\"italic\":true}']},Enchantments:[{}]}"
    },
    "west": { "item": "betterend:eternal_crystal" },
    "north_west": {
      "item": "minecraft:stone_button",
      "nbt": "{display:{Name:'{\"text\":\"A Button II\",\"color\":\"gold\",\"bold\":true,\"italic\":true}',Lore:['{\"text\":\"`Could be the key.`\",\"color\":\"gray\",\"italic\":true}']},Enchantments:[{}]}"
    }
  }
}
