{
  "type": "origins:multiple",
  "name": "Chassis Upgrade",
  "description": "Your health is increased by 5 HP\nUse [Netherite Smithing Template] To obtain this upgrade!",
  "aegis_health": {
    "type": "origins:resource",
    "max": 1,
    "min": 0
  },
  "more_health": {
    "type": "origins:conditioned_attribute",
    "update_health": true,
    "modifier": {
      "attribute": "minecraft:generic.max_health",
      "value": 5,
      "operation": "addition"
    },
    "condition": {
      "type": "origins:resource",
      "compare_to": 1,
      "comparison": "==",
      "resource": "*:*_aegis_health"
    }
  },
  "upgrade_health": {
    "type": "origins:active_self",
    "key": "key.use",
    "entity_action": {
      "type": "origins:and",
      "actions": [
        {
          "type": "origins:change_resource",
          "resource": "*:*_aegis_health",
          "change": 1
        },
        {
          "type": "origins:execute_command",
          "command": "clear @s minecraft:netherite_upgrade_smithing_template 1"
        },
        {
          "type": "origins:execute_command",
          "command": "title @p actionbar {\"bold\":true,\"color\":\"gold\",\"text\":\"Chasis Upgrade Unlocked!\"}"
        }
      ]
    },
    "condition": {
      "type": "origins:and",
      "conditions": [
        {
          "type": "origins:equipped_item",
          "equipment_slot": "mainhand",
          "item_condition": {
            "type": "origins:ingredient",
            "ingredient": {
              "item": "minecraft:netherite_upgrade_smithing_template"
            }
          }
        },
        {
          "type": "origins:resource",
          "compare_to": 0,
          "comparison": "==",
          "resource": "*:*_aegis_health"
        }
      ]
    }
  }
}
