{
  "allow_random": true,
  "name": "Soul",
  "exclude_random": ["human_souls:souls/weird"],
  "replace": false,
  "order": 4,
  "enabled": false,
  "origins": [
    {
      "condition": {
        "type": "origins:origin",
        "layer": "origins:origin",
        "origin": "origins:human"
      },
      "origins": [
        "human_souls:souls/determination",
        "human_souls:souls/bravery",
        "human_souls:souls/justice",
        "human_souls:souls/kindness",
        "human_souls:souls/patience",
        "human_souls:souls/integrity",
        "human_souls:souls/perseverance",
        "human_souls:souls/weird"
      ]
    }
  ]
}
