{
  "name": "Ring Of Fire",
  "description": "Ignite a radius on fire, burning any entitys within the ring.",
  "type": "origins:multiple",
  "square_of_fire": {
    "type": "origins:active_self",
    "key": {
      "key": "key.loadToolbarActivator"
    },
    "cooldown": 200,
    "hud_render": {
      "should_render": true,
      "bar_index": 7,
      "sprite_location": "origins:textures/gui/resource_bar.png",
      "condition": {
        "type": "origins:resource",
        "compare_to": 0,
        "comparison": "==",
        "resource": "luna:kitsune/nether/soul_mode_flame_bar"
      }
    },
    "entity_action": {
      "type": "origins:and",
      "actions": [
        {
          "type": "origins:area_of_effect",
          "radius": 8,
          "bientity_action": {
            "type": "origins:target_action",
            "action": {
              "type": "origins:and",
              "actions": [
                { "type": "origins:set_on_fire", "duration": 7 },
                {
                  "type": "origins:apply_effect",
                  "effect": {
                    "effect": "minecraft:slowness",
                    "amplifier": 1,
                    "duration": 100
                  }
                }
              ]
            }
          }
        },
        {
          "type": "origins:execute_command",
          "command": "particle minecraft:flame ^ ^1 ^ 3 3 -3 0 200 force"
        },
        {
          "type": "origins:change_resource",
          "resource": "luna:kitsune/power_active_fire_circle",
          "change": 1,
          "operation": "set"
        }
      ]
    },
    "condition": {
      "type": "origins:resource",
      "compare_to": 0,
      "comparison": "==",
      "resource": "luna:kitsune/nether/soul_mode_flame_bar"
    }
  },
  "square_of_blue_fire": {
    "type": "origins:active_self",
    "key": {
      "key": "key.loadToolbarActivator"
    },
    "cooldown": 100,
    "hud_render": {
      "should_render": true,
      "bar_index": 15,
      "sprite_location": "origins:textures/gui/community/spiderkolo/resource_bar_02.png",
      "condition": {
        "type": "origins:resource",
        "compare_to": 1,
        "comparison": "==",
        "resource": "luna:kitsune/nether/soul_mode_flame_bar"
      }
    },
    "entity_action": {
      "type": "origins:and",
      "actions": [
        {
          "type": "origins:area_of_effect",
          "radius": 16,
          "bientity_action": {
            "type": "origins:target_action",
            "action": {
              "type": "origins:and",
              "actions": [
                { "type": "origins:set_on_fire", "duration": 14 },
                {
                  "type": "origins:apply_effect",
                  "effect": {
                    "effect": "minecraft:slowness",
                    "amplifier": 1,
                    "duration": 100
                  }
                }
              ]
            }
          }
        },
        {
          "type": "origins:execute_command",
          "command": "particle minecraft:soul_fire_flame ^ ^1 ^ 6 6 -6 0 1000 force"
        }
      ]
    },
    "condition": {
      "type": "origins:resource",
      "compare_to": 1,
      "comparison": "==",
      "resource": "luna:kitsune/nether/soul_mode_flame_bar"
    }
  },
  "pa_reset": {
    "type": "origins:action_over_time",
    "interval": 200,
    "entity_action": {
      "type": "origins:change_resource",
      "change": 0,
      "operation": "set",
      "resource": "luna:kitsune/power_active_fire_circle"
    },
    "condition": {
      "type": "origins:resource",
      "compare_to": 1,
      "resource": "luna:kitsune/power_active_fire_circle",
      "comparison": "=="
    }
  }
}
