{
  "type": "origins:multiple",
  "name": "Fire Immunity",
  "description": "You are immune to fire for an extended period of time",
  "badges": [
    {
      "type": "origins:tooltip",
      "sprite": "origins:textures/gui/badge/star.png",
      "text": "This is what that orange bar with the orange circle is!"
    }
  ],
  "fire_immunity_bar": {
    "type": "origins:resource",
    "hud_render": {
      "should_render": true,
      "sprite_location": "origins:textures/gui/community/spiderkolo/resource_bar_01.png",
      "bar_index": 3,
      "icon_index": 1
    },
    "max": 200,
    "min": 0
  },
  "fire_immune": {
    "type": "origins:fire_immunity",
    "condition": {
      "type": "origins:resource",
      "compare_to": 1,
      "comparison": ">=",
      "resource": "*:*_fire_immunity_bar"
    }
  },
  "fire_immunity_drain": {
    "type": "origins:action_over_time",
    "interval": 10,
    "entity_action": {
      "type": "origins:change_resource",
      "change": -2,
      "operation": "add",
      "resource": "*:*_fire_immunity_bar"
    },
    "condition": {
      "type": "origins:and",
      "conditions": [
        {
          "type": "origins:fluid_height",
          "fluid": "minecraft:lava",
          "comparison": ">",
          "compare_to": 0.1
        },
        {
          "type": "origins:resource",
          "compare_to": 0,
          "comparison": "==",
          "resource": "luna:kitsune/nether/soul_mode_flame_bar"
        }
      ]
    }
  },
  "fire_immunity_charge": {
    "type": "origins:action_over_time",
    "interval": 10,
    "entity_action": {
      "type": "origins:change_resource",
      "change": 1,
      "operation": "add",
      "resource": "*:*_fire_immunity_bar"
    },
    "condition": {
      "type": "origins:and",
      "conditions": [
        {
          "type": "origins:resource",
          "compare_to": 0,
          "comparison": "==",
          "resource": "luna:kitsune/nether/soul_mode_flame_bar"
        },
        {
          "type": "origins:fluid_height",
          "fluid": "minecraft:lava",
          "comparison": "==",
          "compare_to": 0
        }
      ]
    }
  },
  "soulfire_immunity_drain": {
    "type": "origins:action_over_time",
    "interval": 10,
    "entity_action": {
      "type": "origins:change_resource",
      "change": -1,
      "operation": "add",
      "resource": "*:*_fire_immunity_bar"
    },
    "condition": {
      "type": "origins:and",
      "conditions": [
        {
          "type": "origins:fluid_height",
          "fluid": "minecraft:lava",
          "comparison": ">",
          "compare_to": 0.1
        },
        {
          "type": "origins:resource",
          "compare_to": 1,
          "comparison": "==",
          "resource": "luna:kitsune/nether/soul_mode_flame_bar"
        }
      ]
    }
  },
  "soulfire_immunity_charge": {
    "type": "origins:action_over_time",
    "interval": 10,
    "entity_action": {
      "type": "origins:change_resource",
      "change": 2,
      "operation": "add",
      "resource": "*:*_fire_immunity_bar"
    },
    "condition": {
      "type": "origins:and",
      "conditions": [
        {
          "type": "origins:resource",
          "compare_to": 1,
          "comparison": "==",
          "resource": "luna:kitsune/nether/soul_mode_flame_bar"
        },
        {
          "type": "origins:fluid_height",
          "fluid": "minecraft:lava",
          "comparison": ">=",
          "compare_to": 0
        }
      ]
    }
  }
}
