{
  "name": "RTP",
  "description": "Why would I let you hit me? You think I play fair?",
  "type": "origins:multiple",
  "evade_projectiles": {
    "type": "origins:modify_damage_taken",
    "bientity_action": {
      "type": "origins:and",
      "actions": [
        {
          "type": "origins:target_action",
          "action": {
            "type": "origins:if_else_list",
            "actions": [
              {
                "action": {
                  "type": "origins:and",
                  "actions": [
                    {
                      "type": "origins:play_sound",
                      "sound": "minecraft:item.chorus_fruit.teleport",
                      "volume": 1,
                      "pitch": 1
                    },
                    {
                      "type": "origins:execute_command",
                      "command": "spreadplayers ~ ~ 8 16 under 127 false @s"
                    },
                    {
                      "type": "origins:execute_command",
                      "command": "particle minecraft:portal ~ ~0.4 ~ 0.3 0.6 0.3 0 100 normal"
                    }
                  ]
                },
                "condition": {
                  "type": "origins:dimension",
                  "dimension": "minecraft:the_nether"
                }
              },
              {
                "action": {
                  "type": "origins:and",
                  "actions": [
                    {
                      "type": "origins:play_sound",
                      "sound": "minecraft:item.chorus_fruit.teleport",
                      "volume": 1,
                      "pitch": 1
                    },
                    {
                      "type": "origins:execute_command",
                      "command": "spreadplayers ~ ~ 8 16 under 319 false @s"
                    },
                    {
                      "type": "origins:execute_command",
                      "command": "particle minecraft:portal ~ ~0.4 ~ 0.3 0.6 0.3 0 100 normal"
                    }
                  ]
                },
                "condition": {
                  "type": "origins:and",
                  "conditions": [
                    {
                      "type": "origins:in_block",
                      "block_condition": {
                        "type": "origins:height",
                        "compare_to": 62,
                        "comparison": ">="
                      }
                    },
                    {
                      "type": "origins:dimension",
                      "dimension": "minecraft:the_nether",
                      "inverted": true
                    }
                  ]
                }
              },
              {
                "action": {
                  "type": "origins:and",
                  "actions": [
                    {
                      "type": "origins:play_sound",
                      "sound": "minecraft:item.chorus_fruit.teleport",
                      "volume": 1,
                      "pitch": 1
                    },
                    {
                      "type": "origins:execute_command",
                      "command": "spreadplayers ~ ~ 8 16 under 62 false @s"
                    },
                    {
                      "type": "origins:execute_command",
                      "command": "particle minecraft:portal ~ ~0.4 ~ 0.3 0.6 0.3 0 100 normal"
                    }
                  ]
                },
                "condition": {
                  "type": "origins:and",
                  "conditions": [
                    {
                      "type": "origins:in_block",
                      "block_condition": {
                        "type": "origins:height",
                        "compare_to": 61,
                        "comparison": "<="
                      }
                    }
                  ]
                }
              }
            ]
          }
        },
        {
          "type": "origins:actor_action",
          "action": {
            "type": "origins:grant_power",
            "power": "luna:luna/attacked",
            "source": "luna:luna/rtp"
          }
        }
      ]
    },
    "damage_condition": {
      "type": "origins:projectile"
    },
    "modifier": {
      "value": -1,
      "operation": "multiply_total"
    }
  },
  "projectile_immune": {
    "type": "origins:modify_damage_taken",
    "modifier": {
      "value": -1,
      "operation": "multiply_total"
    },
    "damage_condition": {
      "type": "origins:projectile"
    },
    "bientity_action": {
      "type": "origins:actor_action",
      "action": {
        "type": "origins:execute_command",
        "command": "/tellraw @s {\"bold\":true,\"color\":\"dark_purple\",\"text\":\"You know those don't work on me, right?\"}"
      }
    }
  },
  "rtp_bar": {
    "type": "origins:resource",
    "max": 10,
    "min": 0,
    "hud_render": {
      "should_render": true,
      "bar_index": 5,
      "sprite_location": "origins:textures/gui/luna_resource_bar.png"
    }
  },
  "rtp_when_hit": {
    "type": "origins:modify_damage_taken",
    "bientity_action": {
      "type": "origins:and",
      "actions": [
        {
          "type": "origins:target_action",
          "action": {
            "type": "origins:if_else_list",
            "actions": [
              {
                "action": {
                  "type": "origins:and",
                  "actions": [
                    {
                      "type": "origins:play_sound",
                      "sound": "minecraft:item.chorus_fruit.teleport",
                      "volume": 1,
                      "pitch": 1
                    },
                    {
                      "type": "origins:execute_command",
                      "command": "spreadplayers ~ ~ 8 16 under 127 false @s"
                    },
                    {
                      "type": "origins:execute_command",
                      "command": "particle minecraft:portal ~ ~0.4 ~ 0.3 0.6 0.3 0 100 normal"
                    },
                    {
                      "type": "origins:change_resource",
                      "resource": "*:*_rtp_bar",
                      "change": -1,
                      "operation": "add"
                    },
                    {
                      "type": "origins:trigger_cooldown",
                      "power": "*:*_cooldown"
                    }
                  ]
                },
                "condition": {
                  "type": "origins:and",
                  "conditions": [
                    {
                      "type": "origins:dimension",
                      "dimension": "minecraft:the_nether"
                    },
                    {
                      "type": "origins:resource",
                      "compare_to": 1,
                      "comparison": ">=",
                      "resource": "*:*_rtp_bar"
                    },
                    {
                      "type": "origins:resource",
                      "compare_to": 0,
                      "comparison": "==",
                      "resource": "*:*_cooldown"
                    }
                  ]
                }
              },
              {
                "action": {
                  "type": "origins:and",
                  "actions": [
                    {
                      "type": "origins:play_sound",
                      "sound": "minecraft:item.chorus_fruit.teleport",
                      "volume": 1,
                      "pitch": 1
                    },
                    {
                      "type": "origins:execute_command",
                      "command": "spreadplayers ~ ~ 8 16 under 319 false @s"
                    },
                    {
                      "type": "origins:execute_command",
                      "command": "particle minecraft:portal ~ ~0.4 ~ 0.3 0.6 0.3 0 100 normal"
                    },
                    {
                      "type": "origins:change_resource",
                      "resource": "*:*_rtp_bar",
                      "change": -1,
                      "operation": "add"
                    },
                    {
                      "type": "origins:trigger_cooldown",
                      "power": "*:*_cooldown"
                    }
                  ]
                },
                "condition": {
                  "type": "origins:and",
                  "conditions": [
                    {
                      "type": "origins:in_block",
                      "block_condition": {
                        "type": "origins:height",
                        "compare_to": 62,
                        "comparison": ">="
                      }
                    },
                    {
                      "type": "origins:dimension",
                      "dimension": "minecraft:the_nether",
                      "inverted": true
                    },
                    {
                      "type": "origins:resource",
                      "compare_to": 1,
                      "comparison": ">=",
                      "resource": "*:*_rtp_bar"
                    },
                    {
                      "type": "origins:resource",
                      "compare_to": 0,
                      "comparison": "==",
                      "resource": "*:*_cooldown"
                    }
                  ]
                }
              },
              {
                "action": {
                  "type": "origins:and",
                  "actions": [
                    {
                      "type": "origins:play_sound",
                      "sound": "minecraft:item.chorus_fruit.teleport",
                      "volume": 1,
                      "pitch": 1
                    },
                    {
                      "type": "origins:execute_command",
                      "command": "spreadplayers ~ ~ 8 16 under 62 false @s"
                    },
                    {
                      "type": "origins:execute_command",
                      "command": "particle minecraft:portal ~ ~0.4 ~ 0.3 0.6 0.3 0 100 normal"
                    },
                    {
                      "type": "origins:change_resource",
                      "resource": "*:*_rtp_bar",
                      "change": -1,
                      "operation": "add"
                    },
                    {
                      "type": "origins:trigger_cooldown",
                      "power": "*:*_cooldown"
                    }
                  ]
                },
                "condition": {
                  "type": "origins:and",
                  "conditions": [
                    {
                      "type": "origins:in_block",
                      "block_condition": {
                        "type": "origins:height",
                        "compare_to": 61,
                        "comparison": "<="
                      }
                    },
                    {
                      "type": "origins:resource",
                      "compare_to": 1,
                      "comparison": ">=",
                      "resource": "*:*_rtp_bar"
                    },
                    {
                      "type": "origins:resource",
                      "compare_to": 0,
                      "comparison": "==",
                      "resource": "*:*_cooldown"
                    }
                  ]
                }
              }
            ]
          }
        },
        {
          "type": "origins:actor_action",
          "action": {
            "type": "origins:grant_power",
            "power": "luna:luna/attacked",
            "source": "luna:luna/rtp"
          }
        }
      ]
    },
    "modifier": {
      "value": -1,
      "operation": "multiply_total"
    },
    "condition": {
      "type": "origins:resource",
      "compare_to": 1,
      "comparison": ">=",
      "resource": "*:*_rtp_bar"
    },
    "damage_condition": {
      "type": "origins:and",
      "conditions": [
        {
          "type": "origins:name",
          "name": "onFire",
          "inverted": true
        },
        {
          "type": "origins:name",
          "name": "inFire",
          "inverted": true
        },
        {
          "type": "origins:name",
          "name": "fall",
          "inverted": true
        },
        {
          "type": "origins:projectile",
          "inverted": true
        },
        {
          "type": "origins:name",
          "name": "thorns",
          "inverted": true
        },
        {
          "type": "origins:name",
          "name": "hotFloor",
          "inverted": true
        },
        {
          "type": "origins:amount",
          "compare_to": 1,
          "comparison": ">"
        },
        {
          "type": "apugli:magic"
        }
      ]
    }
  },
  "recharge": {
    "type": "origins:action_over_time",
    "interval": 400,
    "entity_action": {
      "type": "origins:change_resource",
      "resource": "*:*_rtp_bar",
      "change": 1,
      "operation": "add"
    },
    "condition": {
      "type": "origins:resource",
      "compare_to": 9,
      "comparison": "<=",
      "resource": "*:*_rtp_bar"
    }
  },
  "fall_damage": {
    "type": "origins:modify_damage_taken",
    "damage_condition": {
      "type": "origins:name",
      "name": "fall"
    },
    "modifier": {
      "value": -1,
      "operation": "multiply_total"
    }
  },
  "cooldown": {
    "type": "origins:cooldown",
    "cooldown": 10
  },
  "extra_damage": {
    "type": "origins:modify_damage_taken",
    "modifier": {
      "value": 0.25,
      "operation": "multiply_total"
    },
    "condition": {
      "type": "origins:resource",
      "compare_to": 0,
      "comparison": "==",
      "resource": "*:*_rtp_bar"
    }
  }
}
