{
  "type": "origins:multiple",
  "name": "Telekinesis",
  "description": "Get fucked",
  "tag": {
    "type": "origins:active_self",
    "key": {
      "key": "primary",
      "continuous": true
    },
    "entity_action": {
      "type": "origins:raycast",
      "distance": 16,
      "shape_type": "visual",
      "block": false,
      "entity": true,
      "fluid_handling": "any",
      "command_along_ray": "particle minecraft:dust 1.0 0.0 0.0 1.0 ~ ~ ~ 0 0 0 1 1 normal @a",
      "bientity_action": {
        "type": "origins:and",
        "actions": [
          {
            "type": "origins:target_action",
            "action": {
              "type": "origins:and",
              "actions": [
                {
                  "type": "origins:execute_command",
                  "command": "tag @s add Grabbed"
                }
              ]
            }
          },
          {
            "type": "origins:actor_action",
            "action": {
              "type": "origins:exhaust",
              "amount": 0.5
            }
          }
        ]
      }
    }
  },
  "hold": {
    "type": "origins:active_self",
    "cooldown": 5,
    "key": {
      "key": "key.origins.primary_active",
      "continuous": true
    },
    "entity_action": {
      "type": "origins:execute_command",
      "command": "tp @e[tag=Grabbed,distance=..32] ^ ^1 ^8.5"
    }
  },
  "un-tag": {
    "type": "origins:action_over_time",
    "interval": 10,
    "entity_action": {
      "type": "origins:and",
      "actions": [
        {
          "type": "origins:execute_command",
          "command": "tag @e[distance=..16] remove Grabbed"
        }
      ]
    }
  }
}
