{
  "powers": [
    "luna:titans/scorch/scorch",
    "luna:titans/scorch/core",
    "luna:titans/scorch/counter",
    "luna:titans/scorch/thermite_launcher",
    "luna:titans/scorch/firewall",
    "luna:titans/scorch/thermal_shield",
    "luna:titans/scorch/trap",
    "luna:titans/scorch/aegis/roaring_flames",
    "luna:titans/scorch/aegis/hot_streak",
    "luna:titans/scorch/aegis/chassis_upgrade",
    "luna:titans/scorch/aegis/explosive_barrels",
    "luna:titans/scorch/aegis/more_trouble",
    "luna:titans/scorch/aegis/shield",
    "luna:titans/create",
    "luna:titans/sound"
  ],
  "icon": "minecraft:fire_charge",
  "order": 9,
  "impact": 3,
  "name": "Scorch",
  "description": "An ancient sentinel mass produced and used by Igneas to combat water & plant creatures. Blunt and direct, Scorch can chain his abilities to force enemies out of cover, or trap them to deal maximum damage."
}
