{
  "type": "origins:multiple",
  "name": "Dash",
  "description": "Dash in the direction you are facing up to 7 times.\nTwice with an elytra",
  "dashes": {
    "type": "origins:resource",
    "min": 0,
    "max": 7,
    "start_value": 7,
    "hud_render": {
      "should_render": true,
      "bar_index": 23,
      "sprite_location": "origins:textures/gui/community/spiderkolo/resource_bar_points_01.png",
      "order": 0
    }
  },
  "dash": {
    "type": "origins:active_self",
    "entity_action": {
      "type": "origins:if_else_list",
      "actions": [
        {
          "action": {
            "type": "origins:and",
            "actions": [
              {
                "type": "origins:add_velocity",
                "z": 2,
                "space": "local"
              },
              {
                "type": "origins:apply_effect",
                "effect": {
                  "effect": "slow_falling",
                  "duration": 10,
                  "show_icon": true
                }
              },
              {
                "type": "origins:execute_command",
                "command": "particle minecraft:explosion ~ ~ ~ 0.2 0.2 0.2 0.7 6 force"
              },
              {
                "type": "origins:play_sound",
                "category": "players",
                "volume": 1,
                "pitch": 1,
                "sound": "minecraft:entity.shulker_bullet.hurt"
              },
              {
                "type": "origins:change_resource",
                "resource": "*:*_dashes",
                "change": -1
              },
              {
                "type": "origins:change_resource",
                "resource": "*:*_was_falling",
                "change": 1
              },
              {
                "type": "origins:exhaust",
                "amount": 2.5
              }
            ]
          },
          "condition": {
            "type": "origins:and",
            "conditions": [
              {
                "type": "origins:fall_flying",
                "inverted": true
              },
              {
                "type": "origins:resource",
                "resource": "*:*_dashes",
                "comparison": ">=",
                "compare_to": 1
              },
              {
                "type": "origins:origin",
                "layer": "luna:luna_layers",
                "origin": "luna:kitsune_classes/overworld_kitsune"
              },
              {
                "type": "origins:resource",
                "compare_to": 0,
                "comparison": "==",
                "resource": "*:*_lock"
              }
            ]
          }
        },
        {
          "action": {
            "type": "origins:if_else_list",
            "actions": [
              {
                "action": {
                  "type": "origins:and",
                  "actions": [
                    {
                      "type": "origins:play_sound",
                      "sound": "minecraft:item.chorus_fruit.teleport",
                      "volume": 1,
                      "pitch": 1
                    },
                    {
                      "type": "origins:execute_command",
                      "command": "spreadplayers ~ ~ 8 16 under 127 false @s"
                    },
                    {
                      "type": "origins:execute_command",
                      "command": "particle minecraft:portal ~ ~0.4 ~ 0.3 0.6 0.3 0 100 normal"
                    },
                    {
                      "type": "origins:change_resource",
                      "resource": "*:*_dashes",
                      "change": -2
                    },
                    {
                      "type": "origins:grant_advancement",
                      "advancement": "luna:kitsune/end/teleport"
                    }
                  ]
                },
                "condition": {
                  "type": "origins:dimension",
                  "dimension": "minecraft:the_nether"
                }
              },
              {
                "action": {
                  "type": "origins:and",
                  "actions": [
                    {
                      "type": "origins:play_sound",
                      "sound": "minecraft:item.chorus_fruit.teleport",
                      "volume": 1,
                      "pitch": 1
                    },
                    {
                      "type": "origins:execute_command",
                      "command": "spreadplayers ~ ~ 8 16 under 319 false @s"
                    },
                    {
                      "type": "origins:execute_command",
                      "command": "particle minecraft:portal ~ ~0.4 ~ 0.3 0.6 0.3 0 100 normal"
                    },
                    {
                      "type": "origins:change_resource",
                      "resource": "*:*_dashes",
                      "change": -2
                    },
                    {
                      "type": "origins:grant_advancement",
                      "advancement": "luna:kitsune/end/teleport"
                    }
                  ]
                },
                "condition": {
                  "type": "origins:and",
                  "conditions": [
                    {
                      "type": "origins:in_block",
                      "block_condition": {
                        "type": "origins:height",
                        "compare_to": 63,
                        "comparison": ">="
                      }
                    },
                    {
                      "type": "origins:dimension",
                      "dimension": "minecraft:the_nether",
                      "inverted": true
                    }
                  ]
                }
              },
              {
                "action": {
                  "type": "origins:and",
                  "actions": [
                    {
                      "type": "origins:play_sound",
                      "sound": "minecraft:item.chorus_fruit.teleport",
                      "volume": 1,
                      "pitch": 1
                    },
                    {
                      "type": "origins:execute_command",
                      "command": "spreadplayers ~ ~ 8 16 under 62 false @s"
                    },
                    {
                      "type": "origins:execute_command",
                      "command": "particle minecraft:portal ~ ~0.4 ~ 0.3 0.6 0.3 0 100 normal"
                    },
                    {
                      "type": "origins:change_resource",
                      "resource": "*:*_dashes",
                      "change": -2
                    },
                    {
                      "type": "origins:grant_advancement",
                      "advancement": "luna:kitsune/end/teleport"
                    }
                  ]
                },
                "condition": {
                  "type": "origins:and",
                  "conditions": [
                    {
                      "type": "origins:in_block",
                      "block_condition": {
                        "type": "origins:height",
                        "compare_to": 62,
                        "comparison": "<="
                      }
                    },
                    {
                      "type": "origins:dimension",
                      "dimension": "minecraft:the_nether",
                      "inverted": true
                    }
                  ]
                }
              }
            ]
          },
          "condition": {
            "type": "origins:and",
            "conditions": [
              {
                "type": "origins:fall_flying",
                "inverted": true
              },
              {
                "type": "origins:resource",
                "resource": "*:*_dashes",
                "comparison": ">=",
                "compare_to": 2
              },
              {
                "type": "origins:origin",
                "layer": "luna:luna_layers",
                "origin": "luna:kitsune_classes/ender_kitsune"
              },
              {
                "type": "origins:resource",
                "compare_to": 0,
                "comparison": "==",
                "resource": "*:*_lock"
              }
            ]
          }
        },
        {
          "action": {
            "type": "origins:and",
            "actions": [
              {
                "type": "origins:add_velocity",
                "z": 1,
                "space": "local"
              },
              {
                "type": "origins:apply_effect",
                "effect": {
                  "effect": "slow_falling",
                  "duration": 10,
                  "show_icon": true
                }
              },
              {
                "type": "origins:play_sound",
                "category": "players",
                "volume": 1,
                "pitch": 1,
                "sound": "minecraft:entity.shulker_bullet.hurt"
              },
              {
                "type": "origins:change_resource",
                "resource": "*:*_dashes",
                "change": -3
              },
              {
                "type": "origins:exhaust",
                "amount": 2.5
              },
              {
                "type": "origins:change_resource",
                "resource": "*:*_was_falling",
                "change": 1
              },
              {
                "type": "origins:area_of_effect",
                "radius": 4,
                "shape": "sphere",
                "bientity_action": {
                  "type": "origins:target_action",
                  "action": {
                    "type": "origins:damage",
                    "amount": 10,
                    "source": {
                      "name": "dark_pulse"
                    }
                  }
                }
              },
              {
                "type": "origins:execute_command",
                "command": "particle minecraft:dust_color_transition 0.898 0.082 0.243 2 0.157 0.094 0.122 ~ ~ ~ 1 1 1 .1 100"
              }
            ]
          },
          "condition": {
            "type": "origins:and",
            "conditions": [
              {
                "type": "origins:fall_flying",
                "inverted": true
              },
              {
                "type": "origins:resource",
                "resource": "*:*_dashes",
                "comparison": ">=",
                "compare_to": 3
              },
              {
                "type": "origins:origin",
                "layer": "luna:luna_layers",
                "origin": "luna:kitsune_classes/nether_kitsune"
              },
              {
                "type": "origins:resource",
                "compare_to": 0,
                "comparison": "==",
                "resource": "*:*_lock"
              }
            ]
          }
        },
        {
          "action": {
            "type": "origins:and",
            "actions": [
              {
                "type": "origins:add_velocity",
                "z": 1.5,
                "space": "local"
              },
              {
                "type": "origins:apply_effect",
                "effect": {
                  "effect": "slow_falling",
                  "duration": 10,
                  "show_icon": true
                }
              },
              {
                "type": "origins:play_sound",
                "category": "players",
                "volume": 1,
                "pitch": 1,
                "sound": "minecraft:entity.shulker_bullet.hurt"
              },
              {
                "type": "origins:execute_command",
                "command": "particle minecraft:explosion ~ ~ ~ 0.2 0.2 0.2 0.7 6 force"
              },
              {
                "type": "origins:change_resource",
                "resource": "*:*_dashes",
                "change": -3
              },
              {
                "type": "origins:exhaust",
                "amount": 1.5
              },
              {
                "type": "origins:change_resource",
                "resource": "*:*_was_falling",
                "change": 1
              }
            ]
          },
          "condition": {
            "type": "origins:and",
            "conditions": [
              {
                "type": "origins:fall_flying"
              },
              {
                "type": "origins:resource",
                "resource": "*:*_dashes",
                "comparison": ">=",
                "compare_to": 3
              }
            ]
          }
        }
      ]
    },
    "key": {
      "key": "secondary"
    }
  },
  "recharge": {
    "type": "origins:action_over_time",
    "interval": 50,
    "entity_action": {
      "type": "origins:change_resource",
      "change": 1,
      "resource": "*:*_dashes"
    },
    "condition": {
      "type": "origins:fall_flying",
      "inverted": true
    }
  },
  "recharge_elytra": {
    "type": "origins:action_over_time",
    "interval": 60,
    "entity_action": {
      "type": "origins:change_resource",
      "change": 1,
      "resource": "*:*_dashes"
    },
    "condition": {
      "type": "origins:fall_flying"
    }
  },
  "was_falling": {
    "type": "origins:resource",
    "max": 1,
    "min": 0
  },
  "advancement": {
    "type": "origins:action_over_time",
    "interval": 5,
    "entity_action": {
      "type": "origins:grant_advancement",
      "advancement": "luna:kitsune/overworld/fall"
    },
    "condition": {
      "type": "origins:and",
      "conditions": [
        {
          "type": "origins:health",
          "compare_to": 0,
          "comparison": "=="
        },
        {
          "type": "origins:resource",
          "resource": "*:*_was_falling",
          "comparison": "==",
          "compare_to": 1
        }
      ]
    }
  },
  "was_falling_reset": {
    "type": "origins:action_over_time",
    "interval": 200,
    "entity_action": {
      "type": "origins:change_resource",
      "change": 0,
      "resource": "*:*_was_falling",
      "operation": "set"
    }
  },
  "lock": {
    "type": "origins:resource",
    "max": 1,
    "min": 0
  },
  "unlock": {
    "type": "origins:action_over_time",
    "interval": 10,
    "entity_action": {
      "type": "origins:change_resource",
      "change": 0,
      "operation": "set",
      "resource": "*:*_lock"
    },
    "condition": {
      "type": "origins:resource",
      "resource": "*:*_dashes",
      "compare_to": 7,
      "comparison": "=="
    }
  },
  "lock_dash": {
    "type": "origins:action_over_time",
    "interval": 10,
    "entity_action": {
      "type": "origins:change_resource",
      "change": 1,
      "resource": "*:*_lock"
    },
    "condition": {
      "type": "origins:resource",
      "resource": "*:*_dashes",
      "compare_to": 0,
      "operation": "set",
      "comparison": "=="
    }
  },
  "admin": {
    "type": "origins:action_over_time",
    "interval": 10,
    "entity_action": {
      "type": "origins:change_resource",
      "change": 7,
      "operation": "set",
      "resource": "*:*_dash"
    },
    "condition": {
      "type": "origins:resource",
      "compare_to": 1,
      "comparison": "==",
      "resource": "*:*_admin_resource"
    }
  },
  "admin_resource": {
    "type": "origins:resource",
    "max": 1,
    "min": 0
  }
}
