{
  "name": "Mode Switch",
  "description": "Switch between 3 different Kitsune varients.",
  "type": "origins:multiple",
  "badges": [
    {
      "type": "origins:tooltip",
      "sprite": "origins:textures/gui/badge/star.png",
      "text": "Using powers disables this power! Wait until the cooldown ends!"
    },
    {
      "type": "origins:tooltip",
      "sprite": "origins:textures/gui/badge/star.png",
      "text": "Most abilitys use Save/Load toolbar! some abilitys use tenrary!"
    },
    {
      "type": "origins:tooltip",
      "sprite": "origins:textures/gui/badge/info.png",
      "text": "Overworld: Healing, Passive Mobs"
    },
    {
      "type": "origins:tooltip",
      "sprite": "origins:textures/gui/badge/info.png",
      "text": "Ender: Tricks, RTP"
    },
    {
      "type": "origins:tooltip",
      "sprite": "origins:textures/gui/badge/info.png",
      "text": "Nether: Fire abilitys, Soul mode"
    }
  ],
  "mode_resource": {
    "type": "origins:resource",
    "max": 2,
    "min": 0,
    "hud_render": {
      "should_render": false
    }
  },
  "mode_switch": {
    "type": "origins:active_self",
    "key": {
      "key": "key.origins.primary_active"
    },
    "cooldown": 100,
    "hud_render": {
      "should_render": true,
      "sprite_location": "origins:textures/gui/community/huang/resource_bar_02.png",
      "bar_index": 5
    },
    "entity_action": {
      "type": "origins:if_else_list",
      "actions": [
        {
          "action": {
            "type": "origins:execute_command",
            "command": "function luna:kitsune/overworld_mode"
          },
          "condition": {
            "type": "origins:and",
            "conditions": [
              {
                "type": "origins:resource",
                "compare_to": 0,
                "comparison": "==",
                "resource": "luna:kitsune/power_active_nether_portal"
              },
              {
                "type": "origins:resource",
                "compare_to": 0,
                "comparison": "==",
                "resource": "luna:kitsune/power_active_fire_circle"
              },
              {
                "type": "origins:resource",
                "compare_to": 0,
                "comparison": "==",
                "resource": "luna:kitsune/power_active_soul_mode"
              },
              {
                "type": "origins:resource",
                "compare_to": 0,
                "comparison": "==",
                "resource": "*:*_mode_resource"
              }
            ]
          }
        },
        {
          "action": {
            "type": "origins:execute_command",
            "command": "function luna:kitsune/ender_mode"
          },
          "condition": {
            "type": "origins:and",
            "conditions": [
              {
                "type": "origins:resource",
                "compare_to": 0,
                "comparison": "==",
                "resource": "luna:kitsune/power_active_healing"
              },
              {
                "type": "origins:resource",
                "compare_to": 1,
                "comparison": "==",
                "resource": "*:*_mode_resource"
              }
            ]
          }
        },
        {
          "action": {
            "type": "origins:execute_command",
            "command": "function luna:kitsune/nether_mode"
          },
          "condition": {
            "type": "origins:and",
            "conditions": [
              {
                "type": "origins:resource",
                "compare_to": 0,
                "comparison": "==",
                "resource": "luna:kitsune/power_active_trick"
              },
              {
                "type": "origins:resource",
                "compare_to": 2,
                "comparison": "==",
                "resource": "*:*_mode_resource"
              }
            ]
          }
        }
      ]
    }
  },
  "switching_disabled": {
    "type": "origins:active_self",
    "key": {
      "key": "key.origins.primary_active"
    },
    "entity_action": {
      "type": "origins:execute_command",
      "command": "function luna:kitsune/mode_swtich_disabled"
    },
    "condition": {
      "type": "origins:or",
      "conditions": [
        {
          "type": "origins:resource",
          "compare_to": 1,
          "comparison": "==",
          "resource": "luna:kitsune/power_active_healing"
        },
        {
          "type": "origins:resource",
          "compare_to": 1,
          "comparison": "==",
          "resource": "luna:kitsune/power_active_soul_mode"
        },
        {
          "type": "origins:resource",
          "compare_to": 1,
          "comparison": "==",
          "resource": "luna:kitsune/power_active_nether_portal"
        },
        {
          "type": "origins:resource",
          "compare_to": 1,
          "comparison": "==",
          "resource": "luna:kitsune/power_active_healing"
        },
        {
          "type": "origins:resource",
          "compare_to": 1,
          "comparison": "==",
          "resource": "luna:kitsune/power_active_fire_circle"
        },
        {
          "type": "origins:resource",
          "compare_to": 1,
          "comparison": "==",
          "resource": "luna:kitsune/power_active_trick"
        }
      ]
    }
  }
}
