{
  "type": "origins:multiple",
  "hidden": true,
  "healing": {
    "type": "origins:resource",
    "min": 0,
    "max": 1,
    "hud_render": { "should_render": false }
  },
  "soul_mode": {
    "type": "origins:resource",
    "min": 0,
    "max": 1,
    "hud_render": { "should_render": false }
  },
  "nether_portal": {
    "type": "origins:resource",
    "min": 0,
    "max": 1,
    "hud_render": { "should_render": false }
  },
  "fire_circle": {
    "type": "origins:resource",
    "min": 0,
    "max": 1,
    "hud_render": { "should_render": false }
  },
  "trick": {
    "type": "origins:resource",
    "min": 0,
    "max": 1,
    "hud_render": { "should_render": false }
  }
}
