{
  "name": "Axolotl Body",
  "description": "You're an Axolotl! You are smaller and have water buffs!\nYou hate all aquatic creatures, the only exceptions are axolotls, dolphins, frogs, and turtles.",
  "type": "origins:multiple",
  "night_vision": {
    "type": "origins:night_vision",
    "strength": 1,
    "condition": {
      "type": "origins:submerged_in",
      "fluid": "minecraft:water"
    }
  },
  "health": {
    "type": "origins:attribute",
    "modifier": {
      "attribute": "minecraft:generic.max_health",
      "value": -4,
      "operation": "addition"
    }
  },
  "breathe_in_water": {
    "type": "origins:action_over_time",
    "interval": 5,
    "conditions": [
      {
        "type": "origins:fluid_height",
        "fluid": "minecraft:water",
        "comparison": ">",
        "compare_to": 0.1
      }
    ],
    "entity_action": {
      "type": "origins:gain_air",
      "value": 20
    }
  },
  "size": {
    "type": "origins:action_on_callback",
    "execute_chosen_when_orb": true,
    "entity_action_chosen": {
      "type": "origins:and",
      "actions": [
        {
          "type": "origins:execute_command",
          "command": "scale set pehkui:height 0.5 @s"
        },
        {
          "type": "origins:grant_advancement",
          "advancement": "luna:axolotl/axolotl"
        },
        {
          "type": "origins:execute_command",
          "command": "tag @s add axolotl_summoner"
        }
      ]
    },
    "entity_action_respawned": {
      "type": "origins:execute_command",
      "command": "scale set pehkui:height 0.5 @s"
    },
    "entity_action_added": {
      "type": "origins:execute_command",
      "command": "scale set pehkui:height 0.5 @s"
    },
    "entity_action_lost": {
      "type": "origins:and",
      "actions": [
        {
          "type": "origins:execute_command",
          "command": "scale set pehkui:height 1 @s"
        },
        {
          "type": "origins:execute_command",
          "command": "tag @s remove axolotl_summoner"
        }
      ]
    },
    "entity_action_removed": {
      "type": "origins:and",
      "actions": [
        {
          "type": "origins:execute_command",
          "command": "scale set pehkui:height 1 @s"
        },
        {
          "type": "origins:execute_command",
          "command": "tag @s remove axolotl_summoner"
        }
      ]
    }
  },
  "width": {
    "type": "origins:action_on_callback",
    "execute_chosen_when_orb": true,
    "entity_action_chosen": {
      "type": "origins:execute_command",
      "command": "scale set pehkui:width 0.5 @s"
    },
    "entity_action_respawned": {
      "type": "origins:execute_command",
      "command": "scale set pehkui:width 0.5 @s"
    },
    "entity_action_added": {
      "type": "origins:execute_command",
      "command": "scale set pehkui:width 0.5 @s"
    },
    "entity_action_lost": {
      "type": "origins:execute_command",
      "command": "scale set pehkui:width 1 @s"
    },
    "entity_action_removed": {
      "type": "origins:execute_command",
      "command": "scale set pehkui:width 1 @s"
    }
  },
  "lush_regen_in_the_lush_caves_biome": {
    "type": "origins:action_over_time",
    "interval": 5,
    "condition": {
      "type": "origins:biome",
      "biome": "minecraft:lush_caves"
    },
    "entity_action": {
      "type": "origins:apply_effect",
      "effects": [
        {
          "effect": "regeneration",
          "duration": 60,
          "show_particles": false,
          "is_ambient": false
        }
      ]
    }
  },
  "axolotl_hurt": {
    "type": "origins:action_when_damage_taken",
    "cooldown": 0,
    "entity_action": {
      "type": "origins:play_sound",
      "sound": "minecraft:entity.axolotl.hurt",
      "category": "players",
      "pitch": 1,
      "volume": 1
    }
  },
  "sounds": {
    "type": "origins:action_over_time",
    "interval": 100,
    "entity_action": {
      "type": "origins:chance",
      "chance": 0.5,
      "action": {
        "type": "origins:play_sound",
        "sound": "minecraft:entity.axolotl.idle_water",
        "category": "players",
        "pitch": 1,
        "volume": 1
      }
    },
    "condition": {
      "type": "origins:and",
      "conditions": [
        {
          "type": "origins:fluid_height",
          "fluid": "minecraft:water",
          "comparison": ">",
          "compare_to": 0.1
        },
        {
          "type": "origins:sneaking",
          "inverted": true
        }
      ]
    }
  },
  "sounds_air": {
    "type": "origins:action_over_time",
    "interval": 100,
    "entity_action": {
      "type": "origins:chance",
      "chance": 0.5,
      "action": {
        "type": "origins:play_sound",
        "sound": "minecraft:entity.axolotl.idle_air",
        "category": "players",
        "pitch": 1,
        "volume": 1
      }
    },
    "condition": {
      "type": "origins:and",
      "conditions": [
        {
          "type": "origins:fluid_height",
          "fluid": "minecraft:water",
          "comparison": ">",
          "compare_to": 0.01,
          "inverted": true
        },
        {
          "type": "origins:sneaking",
          "inverted": true
        }
      ]
    }
  },
  "entity_type": {
    "type": "origins:entity_group",
    "group": "aquatic"
  },
  "slippery": {
    "type": "origins:modify_slipperiness",
    "modifier": {
      "name": "slip",
      "value": 0.7,
      "operation": "multiply_total"
    },
    "condition": {
      "inverted": true,
      "type": "origins:or",
      "conditions": [
        {
          "type": "origins:block_in_radius",
          "compare_to": 1,
          "comparison": ">=",
          "radius": 1,
          "shape": "cube",
          "block_condition": {
            "type": "origins:or",
            "conditions": [
              {
                "type": "origins:in_tag",
                "tag": "chipped:ice"
              },
              {
                "type": "origins:in_tag",
                "tag": "chipped:packed_ice"
              },
              {
                "type": "origins:in_tag",
                "tag": "chipped:blue_ice"
              }
            ]
          }
        },
        {
          "type": "origins:fluid_height",
          "fluid": "minecraft:water",
          "comparison": ">",
          "compare_to": 0.09
        },
        {
          "type": "origins:origin",
          "layer": "luna:luna_layers",
          "origin": "luna:axolotl_classes/green_axolotl"
        }
      ]
    }
  },
  "change_origin": {
    "type": "origins:action_on_callback",
    "entity_action_lost": {
      "type": "origins:execute_command",
      "command": "origin set @s luna:axolotl_sublayer origins:empty"
    }
  },
  "damage_base": {
    "type": "origins:conditioned_attribute",
    "modifier": {
      "attribute": "minecraft:generic.attack_damage",
      "operation": "addition",
      "value": 2.1
    },
    "tick_rate": 10,
    "condition": {
      "type": "origins:equipped_item",
      "equipment_slot": "mainhand",
      "item_condition": {
        "type": "origins:and",
        "conditions": [
          {
            "type": "origins:or",
            "conditions": [
              {
                "type": "origins:ingredient",
                "ingredient": {
                  "item": "minecraft:trident"
                }
              }
            ]
          },
          {
            "type": "origins:enchantment",
            "enchantment": "minecraft:impaling",
            "comparison": "==",
            "compare_to": 0
          }
        ]
      }
    }
  },
  "damage_tooltip": {
    "type": "origins:tooltip",
    "item_condition": {
      "type": "origins:or",
      "conditions": [
        {
          "type": "origins:ingredient",
          "ingredient": {
            "item": "minecraft:trident"
          }
        }
      ]
    },
    "texts": [
      {
        "text": "Axolotl Bonuses:",
        "color": "gray"
      },
      {
        "text": "+2.1 Attack Damage",
        "color": "blue"
      },
      {
        "text": "+8.1 Thrown Damage",
        "color": "blue"
      }
    ]
  },
  "damage_thrown_base": {
    "type": "origins:modify_projectile_damage",
    "damage_condition": {
      "type": "origins:or",
      "conditions": [
        {
          "type": "origins:projectile",
          "projectile": "minecraft:trident"
        }
      ]
    },
    "modifier": {
      "operation": "addition",
      "value": 8.1
    }
  },
  "damage_1": {
    "type": "origins:conditioned_attribute",
    "modifier": {
      "attribute": "minecraft:generic.attack_damage",
      "operation": "addition",
      "value": 6.1
    },
    "tick_rate": 10,
    "condition": {
      "type": "origins:equipped_item",
      "equipment_slot": "mainhand",
      "item_condition": {
        "type": "origins:and",
        "conditions": [
          {
            "type": "origins:or",
            "conditions": [
              {
                "type": "origins:ingredient",
                "ingredient": {
                  "item": "minecraft:trident"
                }
              }
            ]
          },
          {
            "type": "origins:enchantment",
            "enchantment": "minecraft:impaling",
            "comparison": "==",
            "compare_to": 1
          }
        ]
      }
    }
  },
  "damage_1_tooltip": {
    "type": "origins:tooltip",
    "item_condition": {
      "type": "origins:and",
      "conditions": [
        {
          "type": "origins:or",
          "conditions": [
            {
              "type": "origins:ingredient",
              "ingredient": {
                "item": "minecraft:trident"
              }
            }
          ]
        },
        {
          "type": "origins:enchantment",
          "enchantment": "minecraft:impaling",
          "comparison": "==",
          "compare_to": 1
        }
      ]
    },
    "texts": [
      {
        "text": "Axolotl Impaling Bonuses:",
        "color": "gray"
      },
      {
        "text": "+4.1 Attack Damage",
        "color": "blue"
      }
    ]
  },
  "damage_2": {
    "type": "origins:conditioned_attribute",
    "modifier": {
      "attribute": "minecraft:generic.attack_damage",
      "operation": "addition",
      "value": 7.1
    },
    "tick_rate": 10,
    "condition": {
      "type": "origins:equipped_item",
      "equipment_slot": "mainhand",
      "item_condition": {
        "type": "origins:and",
        "conditions": [
          {
            "type": "origins:or",
            "conditions": [
              {
                "type": "origins:ingredient",
                "ingredient": {
                  "item": "minecraft:trident"
                }
              }
            ]
          },
          {
            "type": "origins:enchantment",
            "enchantment": "minecraft:impaling",
            "comparison": "==",
            "compare_to": 2
          }
        ]
      }
    }
  },
  "damage_2_tooltip": {
    "type": "origins:tooltip",
    "item_condition": {
      "type": "origins:and",
      "conditions": [
        {
          "type": "origins:or",
          "conditions": [
            {
              "type": "origins:ingredient",
              "ingredient": {
                "item": "minecraft:trident"
              }
            }
          ]
        },
        {
          "type": "origins:enchantment",
          "enchantment": "minecraft:impaling",
          "comparison": "==",
          "compare_to": 2
        }
      ]
    },
    "texts": [
      {
        "text": "Axolotl Impaling Bonuses:",
        "color": "gray"
      },
      {
        "text": "+5.1 Attack Damage",
        "color": "blue"
      }
    ]
  },
  "damage_3": {
    "type": "origins:conditioned_attribute",
    "modifier": {
      "attribute": "minecraft:generic.attack_damage",
      "operation": "addition",
      "value": 8.1
    },
    "tick_rate": 10,
    "condition": {
      "type": "origins:equipped_item",
      "equipment_slot": "mainhand",
      "item_condition": {
        "type": "origins:and",
        "conditions": [
          {
            "type": "origins:or",
            "conditions": [
              {
                "type": "origins:ingredient",
                "ingredient": {
                  "item": "minecraft:trident"
                }
              }
            ]
          },
          {
            "type": "origins:enchantment",
            "enchantment": "minecraft:impaling",
            "comparison": "==",
            "compare_to": 3
          }
        ]
      }
    }
  },
  "damage_3_tooltip": {
    "type": "origins:tooltip",
    "item_condition": {
      "type": "origins:and",
      "conditions": [
        {
          "type": "origins:or",
          "conditions": [
            {
              "type": "origins:ingredient",
              "ingredient": {
                "item": "minecraft:trident"
              }
            }
          ]
        },
        {
          "type": "origins:enchantment",
          "enchantment": "minecraft:impaling",
          "comparison": "==",
          "compare_to": 3
        }
      ]
    },
    "texts": [
      {
        "text": "Axolotl Impaling Bonuses:",
        "color": "gray"
      },
      {
        "text": "+6.1 Attack Damage",
        "color": "blue"
      }
    ]
  },
  "damage_4": {
    "type": "origins:conditioned_attribute",
    "modifier": {
      "attribute": "minecraft:generic.attack_damage",
      "operation": "addition",
      "value": 9.1
    },
    "tick_rate": 10,
    "condition": {
      "type": "origins:equipped_item",
      "equipment_slot": "mainhand",
      "item_condition": {
        "type": "origins:and",
        "conditions": [
          {
            "type": "origins:or",
            "conditions": [
              {
                "type": "origins:ingredient",
                "ingredient": {
                  "item": "minecraft:trident"
                }
              }
            ]
          },
          {
            "type": "origins:enchantment",
            "enchantment": "minecraft:impaling",
            "comparison": "==",
            "compare_to": 4
          }
        ]
      }
    }
  },
  "damage_4_tooltip": {
    "type": "origins:tooltip",
    "item_condition": {
      "type": "origins:and",
      "conditions": [
        {
          "type": "origins:or",
          "conditions": [
            {
              "type": "origins:ingredient",
              "ingredient": {
                "item": "minecraft:trident"
              }
            }
          ]
        },
        {
          "type": "origins:enchantment",
          "enchantment": "minecraft:impaling",
          "comparison": "==",
          "compare_to": 4
        }
      ]
    },
    "texts": [
      {
        "text": "Axolotl Impaling Bonuses:",
        "color": "gray"
      },
      {
        "text": "+7.1 Attack Damage",
        "color": "blue"
      }
    ]
  },
  "damage_5": {
    "type": "origins:conditioned_attribute",
    "modifier": {
      "attribute": "minecraft:generic.attack_damage",
      "operation": "addition",
      "value": 10.1
    },
    "tick_rate": 10,
    "condition": {
      "type": "origins:equipped_item",
      "equipment_slot": "mainhand",
      "item_condition": {
        "type": "origins:and",
        "conditions": [
          {
            "type": "origins:or",
            "conditions": [
              {
                "type": "origins:ingredient",
                "ingredient": {
                  "item": "minecraft:trident"
                }
              }
            ]
          },
          {
            "type": "origins:enchantment",
            "enchantment": "minecraft:impaling",
            "comparison": "==",
            "compare_to": 5
          }
        ]
      }
    }
  },
  "damage_5_tooltip": {
    "type": "origins:tooltip",
    "item_condition": {
      "type": "origins:and",
      "conditions": [
        {
          "type": "origins:or",
          "conditions": [
            {
              "type": "origins:ingredient",
              "ingredient": {
                "item": "minecraft:trident"
              }
            }
          ]
        },
        {
          "type": "origins:enchantment",
          "enchantment": "minecraft:impaling",
          "comparison": "==",
          "compare_to": 5
        }
      ]
    },
    "texts": [
      {
        "text": "Axolotl Impaling Bonuses:",
        "color": "gray"
      },
      {
        "text": "+8.1 Attack Damage",
        "color": "blue"
      }
    ]
  },
  "damage_6": {
    "type": "origins:conditioned_attribute",
    "modifier": {
      "attribute": "minecraft:generic.attack_damage",
      "operation": "addition",
      "value": 11.1
    },
    "tick_rate": 10,
    "condition": {
      "type": "origins:equipped_item",
      "equipment_slot": "mainhand",
      "item_condition": {
        "type": "origins:and",
        "conditions": [
          {
            "type": "origins:or",
            "conditions": [
              {
                "type": "origins:ingredient",
                "ingredient": {
                  "item": "minecraft:trident"
                }
              }
            ]
          },
          {
            "type": "origins:enchantment",
            "enchantment": "minecraft:impaling",
            "comparison": "==",
            "compare_to": 6
          }
        ]
      }
    }
  },
  "damage_6_tooltip": {
    "type": "origins:tooltip",
    "item_condition": {
      "type": "origins:and",
      "conditions": [
        {
          "type": "origins:or",
          "conditions": [
            {
              "type": "origins:ingredient",
              "ingredient": {
                "item": "minecraft:trident"
              }
            }
          ]
        },
        {
          "type": "origins:enchantment",
          "enchantment": "minecraft:impaling",
          "comparison": "==",
          "compare_to": 6
        }
      ]
    },
    "texts": [
      {
        "text": "Axolotl Impaling Bonuses:",
        "color": "gray"
      },
      {
        "text": "+11.1 Attack Damage",
        "color": "blue"
      }
    ]
  },
  "aequor_hate": {
    "type": "origins:modify_damage_dealt",
    "modifier": {
      "value": 1,
      "operation": "multiply_total"
    },
    "target_condition": {
      "type": "origins:and",
      "conditions": [
        {
          "type": "origins:entity_group",
          "group": "aquatic"
        },
        {
          "type": "origins:origin",
          "layer": "origins:origin",
          "origin": "luna:axolotl",
          "inverted": true
        },
        {
          "type": "origins:entity_type",
          "entity_type": "minecraft:axolotl",
          "inverted": true
        },
        {
          "type": "origins:entity_type",
          "entity_type": "minecraft:turtle",
          "inverted": true
        },
        {
          "type": "origins:entity_type",
          "entity_type": "minecraft:dolphin",
          "inverted": true
        },
        {
          "type": "origins:entity_type",
          "entity_type": "minecraft:frog",
          "inverted": true
        }
      ]
    }
  },
  "respawn": {
    "type": "origins:action_on_callback",
    "entity_action_respawned": {
      "type": "origins:execute_command",
      "command": "origin gui @s luna:luna_layers"
    }
  },
  "effect_remove": {
    "type": "origins:effect_immunity",
    "effect": "minecraft:mining_fatigue"
  },
  "origin_counter": {
    "type": "origins:action_on_callback",
    "entity_action_chosen": {
      "type": "origins:and",
      "actions": [
        {
          "type": "origins:execute_command",
          "command": "scoreboard players add Axolotl Origin 1"
        }
      ]
    },
    "entity_action_lost": {
      "type": "origins:and",
      "actions": [
        {
          "type": "origins:execute_command",
          "command": "scoreboard players remove Axolotl Origin 1"
        }
      ]
    }
  }
}
