{
  "name": "Axolotl Totem",
  "description": "When low on health, your Axolotl Totem will save you.",
  "type": "origins:multiple",
  "fake_death": {
    "type": "origins:prevent_death",
    "entity_action": {
      "type": "origins:and",
      "actions": [
        {
          "type": "origins:apply_effect",
          "effect": {
            "effect": "minecraft:regeneration",
            "amplifier": 1,
            "duration": 900
          }
        },
        {
          "type": "origins:apply_effect",
          "effect": {
            "effect": "minecraft:fire_resistance",
            "duration": 800
          }
        },
        {
          "type": "origins:apply_effect",
          "effect": {
            "effect": "minecraft:absorption",
            "amplifier": 1,
            "duration": 900
          }
        },
        {
          "type": "origins:execute_command",
          "command": "playsound minecraft:item.totem.use ambient @s ~ ~ ~ 1 1"
        },
        {
          "type": "origins:execute_command",
          "command": "particle minecraft:totem_of_undying ~ ~ ~ .5 1 .5 .5 500 force"
        },
        {
          "type": "origins:trigger_cooldown",
          "power": "*:*_cooldown"
        }
      ]
    },
    "condition": {
      "type": "origins:resource",
      "compare_to": 0,
      "comparison": "==",
      "resource": "*:*_cooldown"
    }
  },
  "cooldown": {
    "type": "origins:cooldown",
    "cooldown": 3000,
    "hud_render": {
      "should_render": true,
      "sprite_location": "origins:textures/gui/community/huang/resource_bar_01.png",
      "bar_index": 4
    }
  }
}
