{
  "name": "Fish Diet",
  "description": "You are limited to fish based foods",
  "type": "origins:multiple",
  "bucket": {
    "type": "origins:prevent_item_use",
    "item_condition": {
      "type": "origins:ingredient",
      "ingredient": {
        "tag": "luna:no_eat"
      }
    }
  },
  "fulfilling_fish": {
    "type": "origins:modify_food",
    "item_condition": {
      "type": "origins:ingredient",
      "ingredient": {
        "tag": "luna:fish"
      }
    },
    "food_modifier": {
      "name": "Increased Food",
      "operation": "addition",
      "value": 3
    },
    "saturation_modifier": {
      "name": "Increased Saturation",
      "operation": "addition",
      "value": 0.4
    }
  }
}
