{
  "name": "Moisture",
  "description": "When you run out of moisture, you dry out and take more damage.\nYou have Slowness & Mining fatigue when dried out\nFragile when dried out",
  "type": "origins:multiple",
  "water": {
    "type": "origins:resource",
    "start_value": 7000,
    "min": 0,
    "max": 6000,
    "hud_render": {
      "should_render": true,
      "bar_index": 1
    }
  },
  "slow": {
    "type": "origins:conditioned_attribute",
    "tick_rate": 5,
    "modifier": {
      "value": -0.25,
      "attribute": "minecraft:generic.movement_speed",
      "operation": "multiply_total"
    },
    "condition": {
      "type": "origins:resource",
      "compare_to": 0,
      "comparison": "==",
      "resource": "*:*_water"
    }
  },
  "fatigued": {
    "type": "origins:action_over_time",
    "entity_action": {
      "type": "origins:apply_effect",
      "effects": [
        {
          "effect": "minecraft:slowness",
          "amplifier": 1,
          "duration": 40
        },
        {
          "effect": "minecraft:weakness",
          "duration": 40
        }
      ]
    },
    "condition": {
      "type": "origins:resource",
      "compare_to": 1000,
      "comparison": "<=",
      "resource": "*:*_water"
    }
  },
  "dried_damage": {
    "type": "origins:modify_damage_taken",
    "modifier": {
      "value": 1,
      "operation": "multiply_total"
    },
    "condition": {
      "type": "origins:resource",
      "compare_to": 2000,
      "comparison": "<=",
      "resource": "*:*_water"
    }
  },
  "draining": {
    "type": "origins:action_over_time",
    "interval": 460,
    "entity_action": {
      "type": "origins:if_else_list",
      "actions": [
        {
          "action": {
            "type": "origins:change_resource",
            "change": -600,
            "resource": "*:*_water"
          },
          "condition": {
            "type": "origins:and",
            "conditions": [
              {
                "type": "origins:dimension",
                "dimension": "minecraft:the_nether"
              },
              {
                "type": "origins:fluid_height",
                "compare_to": 0.1,
                "comparison": ">=",
                "fluid": "minecraft:water",
                "inverted": true
              },
              {
                "type": "origins:submerged_in",
                "fluid": "minecraft:water",
                "inverted": true
              },
              {
                "type": "origins:in_block",
                "block_condition": {
                  "type": "origins:block_state",
                  "compare_to": 1,
                  "comparison": ">=",
                  "property": "level"
                },
                "inverted": true
              },
              {
                "type": "origins:in_rain",
                "inverted": true
              }
            ]
          }
        },
        {
          "action": {
            "type": "origins:change_resource",
            "change": -100,
            "resource": "*:*_water"
          },
          "condition": {
            "type": "origins:and",
            "conditions": [
              {
                "type": "origins:dimension",
                "dimension": "minecraft:the_nether",
                "inverted": true
              },
              {
                "type": "origins:fluid_height",
                "compare_to": 0.1,
                "comparison": ">=",
                "fluid": "minecraft:water",
                "inverted": true
              },
              {
                "type": "origins:submerged_in",
                "fluid": "minecraft:water",
                "inverted": true
              },
              {
                "type": "origins:in_block",
                "block_condition": {
                  "type": "origins:block_state",
                  "compare_to": 1,
                  "comparison": ">=",
                  "property": "level"
                },
                "inverted": true
              },
              {
                "type": "origins:in_rain",
                "inverted": true
              }
            ]
          }
        }
      ]
    }
  },
  "gain": {
    "type": "origins:action_over_time",
    "interval": 40,
    "entity_action": {
      "type": "origins:change_resource",
      "change": 300,
      "resource": "*:*_water"
    },
    "condition": {
      "type": "origins:or",
      "conditions": [
        {
          "type": "origins:fluid_height",
          "compare_to": 0.1,
          "comparison": ">=",
          "fluid": "minecraft:water"
        },
        {
          "type": "origins:submerged_in",
          "fluid": "minecraft:water"
        },
        {
          "type": "origins:in_block",
          "block_condition": {
            "type": "origins:block_state",
            "compare_to": 1,
            "comparison": ">=",
            "property": "level"
          }
        },
        {
          "type": "origins:in_rain"
        }
      ]
    }
  },
  "out_of_water": {
    "type": "origins:damage_over_time",
    "damage": 2,
    "damage_source": {
      "bypasses_armor": true,
      "out_of_world": true,
      "unblockable": true,
      "fire": true,
      "magic": true,
      "name": "no_water_for_gills"
    },
    "condition": {
      "type": "origins:and",
      "conditions": [
        {
          "type": "origins:resource",
          "compare_to": 0,
          "comparison": "==",
          "resource": "*:*_water"
        },
        {
          "type": "origins:fluid_height",
          "compare_to": 0.1,
          "comparison": ">=",
          "fluid": "minecraft:water",
          "inverted": true
        },
        {
          "type": "origins:submerged_in",
          "fluid": "minecraft:water",
          "inverted": true
        },
        {
          "type": "origins:in_block",
          "block_condition": {
            "type": "origins:block_state",
            "compare_to": 1,
            "comparison": ">=",
            "property": "level",
            "inverted": true
          }
        },
        {
          "type": "origins:in_rain",
          "inverted": true
        }
      ]
    }
  }
}
