{
  "type": "origins:multiple",
  "name": "Aquatic Fins",
  "description": "While in water, you swim much faster then the average human",
  "swim": {
    "type": "origins:action_over_time",
    "interval": 5,
    "condition": {
      "type": "origins:and",
      "conditions": [
        {
          "type": "origins:fluid_height",
          "fluid": "minecraft:water",
          "comparison": ">",
          "compare_to": 0.1
        },
        {
          "type": "origins:power_active",
          "power": "*:*_toggle"
        }
      ]
    },
    "entity_action": {
      "type": "origins:apply_effect",
      "effects": [
        {
          "effect": "dolphins_grace",
          "amplifier": 2,
          "duration": 20,
          "show_particles": false,
          "is_ambient": false
        }
      ]
    }
  },
  "toggle": {
    "type": "origins:toggle",
    "key": "key.loadToolbarActivator"
  }
}
