{
  "name": "Kouvaphobia",
  "description": "You are unable to use buckets!",
  "type": "origins:multiple",
  "bucket": {
    "type": "origins:prevent_item_use",
    "item_condition": {
      "type": "origins:ingredient",
      "ingredient": {
        "tag": "luna:these_are_buckets"
      }
    }
  },
  "advancement": {
    "type": "origins:action_over_time",
    "interval": 20,
    "entity_action": {
      "type": "origins:grant_advancement",
      "advancement": "luna:axolotl/bucket"
    },
    "condition": {
      "type": "origins:inventory",
      "compare_to": 1,
      "comparison": ">=",
      "process_mode": "items",
      "item_condition": {
        "type": "origins:ingredient",
        "ingredient": {
          "tag": "luna:these_are_buckets"
        }
      }
    }
  }
}
