{
  "type": "origins:multiple",
  "name": "Trident Mastery",
  "description": "You know how to use the trident better then anybody else, you can enhance it further then others can.",
  "enchant_tridents": {
    "type": "apugli:allow_anvil_enchant",
    "enchantments": [
      "minecraft:looting",
      "minecraft:knockback",
      "minecraft:sweeping",
      "minecraft:sharpness",
      "minecraft:bane_of_arthropods",
      "minecraft:smite"
    ],
    "item_condition": {
      "type": "origins:ingredient",
      "ingredient": {
        "tag": "luna:tridents"
      }
    }
  },
  "crafting": {
    "type": "origins:recipe",
    "recipe": {
      "id": "axolotl:trident",
      "type": "minecraft:crafting_shaped",
      "pattern": ["XXX", " C ", " C "],
      "key": {
        "X": {
          "item": "minecraft:prismarine_shard"
        },
        "C": {
          "item": "minecraft:prismarine"
        }
      },
      "result": {
        "item": "minecraft:trident"
      }
    }
  }
}
