{
  "hidden": true,
  "type": "origins:multiple",
  "ender_size": {
    "type": "origins:action_on_callback",
    "execute_chosen_when_orb": true,
    "entity_action_chosen": {
      "type": "origins:execute_command",
      "command": "scale set pehkui:height 0.80 @s"
    },
    "entity_action_respawned": {
      "type": "origins:execute_command",
      "command": "scale set pehkui:height 0.80 @s"
    },
    "entity_action_added": {
      "type": "origins:execute_command",
      "command": "scale set pehkui:height 0.80 @s"
    },
    "entity_action_lost": {
      "type": "origins:execute_command",
      "command": "scale set pehkui:height 1 @s"
    },
    "entity_action_removed": {
      "type": "origins:execute_command",
      "command": "scale set pehkui:height 1 @s"
    }
  },
  "ender_width": {
    "type": "origins:action_on_callback",
    "entity_action_chosen": {
      "type": "origins:execute_command",
      "command": "scale set pehkui:width 0.80 @s"
    },
    "entity_action_respawned": {
      "type": "origins:execute_command",
      "command": "scale set pehkui:width 0.80 @s"
    },
    "entity_action_added": {
      "type": "origins:execute_command",
      "command": "scale set pehkui:width 0.80 @s"
    },
    "entity_action_lost": {
      "type": "origins:execute_command",
      "command": "scale set pehkui:width 1 @s"
    },
    "entity_action_removed": {
      "type": "origins:execute_command",
      "command": "scale set pehkui:width 1 @s"
    }
  },
  "end_sight": {
    "type": "origins:night_vision",
    "strength": 0.7,
    "condition": {
      "type": "origins:dimension",
      "dimension": "minecraft:the_end"
    }
  },
  "water_damage": {
    "type": "origins:damage_over_time",
    "interval": 40,
    "onset_delay": 0,
    "damage": 10,
    "damage_easy": 1,
    "damage_source": {
      "name": "hurt_by_water",
      "unblockable": true,
      "bypasses_armor": true
    },
    "protection_enchantment": "origins:water_protection",
    "protection_effectiveness": 1,
    "condition": {
      "type": "origins:or",
      "conditions": [
        {
          "type": "origins:fluid_height",
          "fluid": "minecraft:water",
          "comparison": ">",
          "compare_to": 0.01
        },
        {
          "type": "origins:in_rain"
        }
      ]
    }
  },
  "damage": {
    "type": "origins:conditioned_attribute",
    "tick_rate": 1,
    "modifier": {
      "name": "weak",
      "attribute": "minecraft:generic.attack_damage",
      "operation": "multiply_total",
      "value": -0.5
    },
    "condition": {
      "type": "origins:and",
      "conditions": [
        {
          "type": "origins:resource",
          "resource": "*:kitsune/mode_switch_mode_resource",
          "comparison": "==",
          "compare_to": 2
        },
        {
          "type": "origins:resource",
          "compare_to": 1,
          "comparison": "==",
          "resource": "luna:kitsune/power_active_trick"
        }
      ]
    }
  },
  "fire": {
    "type": "origins:modify_damage_taken",
    "damage_condition": {
      "type": "origins:or",
      "conditions": [
        {
          "type": "origins:name",
          "name": "minecraft:on_fire"
        },
        {
          "type": "origins:name",
          "name": "minecraft:lava"
        }
      ]
    },
    "modifier": {
      "operation": "addition",
      "name": "fire",
      "value": 4
    }
  }
}
