{
  "type": "origins:action_over_time",
  "entity_action": {
    "type": "origins:if_else_list",
    "actions": [
      {
        "action": {
          "type": "origins:equipped_item_action",
          "action": { "type": "origins:damage", "amount": 1 },
          "equipment_slot": "head"
        },
        "condition": {
          "type": "origins:equipped_item",
          "equipment_slot": "head",
          "item_condition": {
            "type": "origins:relative_durability",
            "comparison": ">",
            "compare_to": 0.1
          }
        }
      },
      {
        "action": {
          "type": "origins:equipped_item_action",
          "action": { "type": "origins:damage", "amount": 1 },
          "equipment_slot": "chest"
        },
        "condition": {
          "type": "origins:equipped_item",
          "equipment_slot": "chest",
          "item_condition": {
            "type": "origins:relative_durability",
            "comparison": ">",
            "compare_to": 0.1
          }
        }
      },
      {
        "action": {
          "type": "origins:equipped_item_action",
          "action": { "type": "origins:damage", "amount": 1 },
          "equipment_slot": "legs"
        },
        "condition": {
          "type": "origins:equipped_item",
          "equipment_slot": "legs",
          "item_condition": {
            "type": "origins:relative_durability",
            "comparison": ">",
            "compare_to": 0.1
          }
        }
      },
      {
        "action": {
          "type": "origins:equipped_item_action",
          "action": { "type": "origins:damage", "amount": 1 },
          "equipment_slot": "feet"
        },
        "condition": {
          "type": "origins:equipped_item",
          "equipment_slot": "feet",
          "item_condition": {
            "type": "origins:relative_durability",
            "comparison": ">",
            "compare_to": 0.1
          }
        }
      },
      {
        "action": {
          "type": "origins:equipped_item_action",
          "action": { "type": "origins:damage", "amount": 1 },
          "equipment_slot": "offhand"
        },
        "condition": {
          "type": "origins:equipped_item",
          "equipment_slot": "offhand",
          "item_condition": {
            "type": "origins:relative_durability",
            "comparison": ">",
            "compare_to": 0.1
          }
        }
      }
    ]
  },
  "interval": 80,
  "hidden": true
}
