{
  "hidden": true,
  "type": "origins:action_on_callback",
  "entity_action_gained": {
    "type": "origins:delay",
    "action": {
      "type": "origins:and",
      "actions": [
        {
          "type": "origins:execute_command",
          "command": "scale set pehkui:height 1.2"
        },
        {
          "type": "origins:execute_command",
          "command": "scale set pehkui:width 1.2"
        },
        {
          "type": "origins:grant_advancement",
          "advancement": "luna:solaris/base"
        }
      ]
    },
    "ticks": 60
  },
  "entity_action_lost": {
    "type": "origins:execute_command",
    "command": "scale reset"
  }
}
