{
  "name": "Kaboom?",
  "hidden": true,
  "type": "origins:active_self",
  "key": "key.origins.secondary_active",
  "cooldown": 80,
  "condition": {
    "type": "origins:and",
    "conditions": [
      {
        "type": "origins:resource",
        "compare_to": 6000,
        "comparison": "==",
        "resource": "luna:solaris/mass_resource"
      }
    ]
  },
  "entity_action": {
    "type": "origins:and",
    "actions": [
      {
        "type": "origins:grant_advancement",
        "advancement": "luna:solaris/rebirth"
      },
      {
        "type": "origins:chance",
        "chance": 0.5,
        "action": {
          "type": "origins:and",
          "actions": [
            {
              "type": "origins:change_resource",
              "change": -6000,
              "operation": "add",
              "resource": "luna:solaris/mass_resource"
            },

            {
              "type": "origins:execute_command",
              "command": "origin set @s luna:luna_layers luna:solaris_form/protostar"
            }
          ]
        },
        "fail_action": {
          "type": "origins:chance",
          "chance": 0.5,
          "action": {
            "type": "origins:and",
            "actions": [
              {
                "type": "origins:execute_command",
                "command": "origin set @s luna:luna_layers luna:solaris_form/blackhole"
              }
            ]
          },
          "fail_action": {
            "type": "origins:and",
            "actions": [
              {
                "type": "origins:execute_command",
                "command": "origin set @s luna:luna_layers luna:solaris_form/neutron"
              }
            ]
          }
        }
      },
      {
        "type": "origins:explode",
        "create_fire": false,
        "damage_self": false,
        "destruction_type": "break",
        "power": 15
      }
    ]
  }
}
