{
  "type": "origins:multiple",
  "threat": {
    "type": "origins:entity_glow",
    "blue": 0,
    "red": 1,
    "green": 0,
    "use_teams": false,
    "bientity_condition": {
      "type": "origins:can_see"
    },
    "entity_condition": {
      "type": "origins:or",
      "conditions": [
        {
          "type": "origins:entity_type",
          "entity_type": "minecraft:player"
        },
        {
          "type": "origins:and",
          "conditions": [
            {
              "type": "origins:living"
            },
            {
              "type": "apugli:hostile"
            }
          ]
        }
      ]
    },
    "condition": {
      "type": "origins:or",
      "conditions": [
        {
          "type": "origins:resource",
          "compare_to": 1,
          "comparison": "==",
          "resource": "*:*_railgun_resource_1"
        },
        {
          "type": "origins:resource",
          "compare_to": 1,
          "comparison": "==",
          "resource": "*:*_railgun_resource_2"
        },
        {
          "type": "origins:resource",
          "compare_to": 1,
          "comparison": "==",
          "resource": "*:*_railgun_resource_3"
        },
        {
          "type": "origins:resource",
          "compare_to": 1,
          "comparison": "==",
          "resource": "*:*_railgun_resource_4"
        }
      ]
    }
  },
  "not_threat": {
    "type": "origins:entity_glow",
    "blue": 1,
    "red": 0,
    "green": 0,
    "use_teams": false,
    "bientity_condition": {
      "type": "origins:can_see"
    },
    "entity_condition": {
      "type": "origins:and",
      "conditions": [
        {
          "type": "apugli:hostile",
          "inverted": true
        },
        {
          "type": "origins:entity_type",
          "entity_type": "minecraft:player",
          "inverted": true
        },
        {
          "type": "origins:living"
        }
      ]
    },
    "condition": {
      "type": "origins:or",
      "conditions": [
        {
          "type": "origins:resource",
          "compare_to": 1,
          "comparison": "==",
          "resource": "*:*_railgun_resource_1"
        },
        {
          "type": "origins:resource",
          "compare_to": 1,
          "comparison": "==",
          "resource": "*:*_railgun_resource_2"
        },
        {
          "type": "origins:resource",
          "compare_to": 1,
          "comparison": "==",
          "resource": "*:*_railgun_resource_3"
        },
        {
          "type": "origins:resource",
          "compare_to": 1,
          "comparison": "==",
          "resource": "*:*_railgun_resource_4"
        }
      ]
    }
  }
}
