{
  "type": "origins:multiple",
  "name": "Plasma Railgun",
  "description": "Sniper railgun that charges up. The more charge the more damage.",
  "railgun_resource_0": {
    "type": "origins:resource",
    "max": 0,
    "min": -1,
    "start_value": 0,
    "hud_render": {
      "sprite_location": "origins:textures/gui/luna_northstar.png",
      "should_render": true,
      "bar_index": 0,
      "condition": {
        "type": "origins:and",
        "conditions": [
          {
            "type": "origins:resource",
            "compare_to": 0,
            "comparison": "==",
            "resource": "*:*_railgun_resource_1"
          },
          {
            "type": "origins:resource",
            "compare_to": 0,
            "comparison": "==",
            "resource": "*:*_railgun_resource_2"
          },
          {
            "type": "origins:resource",
            "compare_to": 0,
            "comparison": "==",
            "resource": "*:*_railgun_resource_3"
          },
          {
            "type": "origins:resource",
            "compare_to": 0,
            "comparison": "==",
            "resource": "*:*_railgun_resource_4"
          }
        ]
      }
    }
  },
  "railgun_resource_1": {
    "type": "origins:resource",
    "max": 1,
    "min": 0,
    "hud_render": {
      "sprite_location": "origins:textures/gui/luna_northstar.png",
      "should_render": true,
      "bar_index": 1,
      "condition": {
        "type": "origins:and",
        "conditions": [
          {
            "type": "origins:resource",
            "compare_to": 1,
            "comparison": "==",
            "resource": "*:*_railgun_resource_1"
          },
          {
            "type": "origins:resource",
            "compare_to": 0,
            "comparison": "==",
            "resource": "*:*_railgun_resource_2"
          },
          {
            "type": "origins:resource",
            "compare_to": 0,
            "comparison": "==",
            "resource": "*:*_railgun_resource_3"
          },
          {
            "type": "origins:resource",
            "compare_to": 0,
            "comparison": "==",
            "resource": "*:*_railgun_resource_4"
          }
        ]
      }
    }
  },
  "railgun_resource_2": {
    "type": "origins:resource",
    "max": 1,
    "min": 0,
    "hud_render": {
      "sprite_location": "origins:textures/gui/luna_northstar.png",
      "should_render": true,
      "bar_index": 2,
      "condition": {
        "type": "origins:and",
        "conditions": [
          {
            "type": "origins:resource",
            "compare_to": 0,
            "comparison": "==",
            "resource": "*:*_railgun_resource_1"
          },
          {
            "type": "origins:resource",
            "compare_to": 1,
            "comparison": "==",
            "resource": "*:*_railgun_resource_2"
          },
          {
            "type": "origins:resource",
            "compare_to": 0,
            "comparison": "==",
            "resource": "*:*_railgun_resource_3"
          },
          {
            "type": "origins:resource",
            "compare_to": 0,
            "comparison": "==",
            "resource": "*:*_railgun_resource_4"
          }
        ]
      }
    }
  },
  "railgun_resource_3": {
    "type": "origins:resource",
    "max": 1,
    "min": 0,
    "hud_render": {
      "sprite_location": "origins:textures/gui/luna_northstar.png",
      "should_render": true,
      "bar_index": 3,
      "condition": {
        "type": "origins:and",
        "conditions": [
          {
            "type": "origins:resource",
            "compare_to": 0,
            "comparison": "==",
            "resource": "*:*_railgun_resource_1"
          },
          {
            "type": "origins:resource",
            "compare_to": 0,
            "comparison": "==",
            "resource": "*:*_railgun_resource_2"
          },
          {
            "type": "origins:resource",
            "compare_to": 1,
            "comparison": "==",
            "resource": "*:*_railgun_resource_3"
          },
          {
            "type": "origins:resource",
            "compare_to": 0,
            "comparison": "==",
            "resource": "*:*_railgun_resource_4"
          }
        ]
      }
    }
  },
  "railgun_resource_4": {
    "type": "origins:resource",
    "max": 1,
    "min": 0,
    "hud_render": {
      "sprite_location": "origins:textures/gui/luna_northstar.png",
      "should_render": true,
      "bar_index": 4,
      "condition": {
        "type": "origins:and",
        "conditions": [
          {
            "type": "origins:resource",
            "compare_to": 0,
            "comparison": "==",
            "resource": "*:*_railgun_resource_1"
          },
          {
            "type": "origins:resource",
            "compare_to": 0,
            "comparison": "==",
            "resource": "*:*_railgun_resource_2"
          },
          {
            "type": "origins:resource",
            "compare_to": 0,
            "comparison": "==",
            "resource": "*:*_railgun_resource_3"
          },
          {
            "type": "origins:resource",
            "compare_to": 1,
            "comparison": "==",
            "resource": "*:*_railgun_resource_4"
          }
        ]
      }
    }
  },
  "charge_up": {
    "type": "origins:active_self",
    "key": {
      "continuous": true,
      "key": "key.origins.primary_active"
    },
    "cooldown": 20,
    "entity_action": {
      "type": "origins:if_else_list",
      "actions": [
        {
          "action": {
            "type": "origins:and",
            "actions": [
              {
                "type": "origins:change_resource",
                "resource": "*:*_railgun_resource_1",
                "operation": "add",
                "change": 1
              },
              {
                "type": "origins:change_resource",
                "resource": "*:*_railgun_resource_0",
                "operation": "set",
                "change": -1
              }
            ]
          },
          "condition": {
            "type": "origins:resource",
            "compare_to": 0,
            "comparison": "==",
            "resource": "*:*_railgun_resource_0"
          }
        },
        {
          "action": {
            "type": "origins:and",
            "actions": [
              {
                "type": "origins:change_resource",
                "resource": "*:*_railgun_resource_2",
                "operation": "add",
                "change": 1
              },
              {
                "type": "origins:change_resource",
                "resource": "*:*_railgun_resource_1",
                "operation": "set",
                "change": 0
              }
            ]
          },
          "condition": {
            "type": "origins:resource",
            "compare_to": 1,
            "comparison": "==",
            "resource": "*:*_railgun_resource_1"
          }
        },
        {
          "action": {
            "type": "origins:and",
            "actions": [
              {
                "type": "origins:change_resource",
                "resource": "*:*_railgun_resource_3",
                "operation": "add",
                "change": 1
              },
              {
                "type": "origins:change_resource",
                "resource": "*:*_railgun_resource_2",
                "operation": "set",
                "change": 0
              }
            ]
          },
          "condition": {
            "type": "origins:resource",
            "compare_to": 1,
            "comparison": "==",
            "resource": "*:*_railgun_resource_2"
          }
        },
        {
          "action": {
            "type": "origins:and",
            "actions": [
              {
                "type": "origins:change_resource",
                "resource": "*:*_railgun_resource_4",
                "operation": "add",
                "change": 1
              },
              {
                "type": "origins:change_resource",
                "resource": "*:*_railgun_resource_3",
                "operation": "set",
                "change": 0
              }
            ]
          },
          "condition": {
            "type": "origins:resource",
            "compare_to": 1,
            "comparison": "==",
            "resource": "*:*_railgun_resource_3"
          }
        }
      ]
    },
    "condition": {
      "type": "origins:resource",
      "compare_to": 0,
      "comparison": "==",
      "resource": "*:*_cooldown"
    }
  },
  "firing": {
    "type": "origins:active_self",
    "entity_action": {
      "type": "origins:if_else_list",
      "actions": [
        {
          "action": {
            "type": "origins:and",
            "actions": [
              {
                "type": "origins:fire_projectile",
                "speed": 4,
                "count": 1,
                "divergence": 0,
                "entity_type": "minecraft:arrow",
                "tag": "{pickup:0b,damage:2d,crit:1b,NoGravity:1b,life:1000}"
              },
              {
                "type": "origins:change_resource",
                "change": 0,
                "operation": "set",
                "resource": "*:*_railgun_resource_0"
              },
              {
                "type": "origins:trigger_cooldown",
                "power": "*:*_cooldown"
              }
            ]
          },
          "condition": {
            "type": "origins:resource",
            "compare_to": 0,
            "comparison": "==",
            "resource": "*:*_railgun_resource_0"
          }
        },
        {
          "action": {
            "type": "origins:and",
            "actions": [
              {
                "type": "origins:fire_projectile",
                "speed": 4,
                "count": 1,
                "divergence": 0,
                "entity_type": "minecraft:arrow",
                "tag": "{pickup:0b,damage:4d,crit:1b,NoGravity:1b,life:1000}"
              },
              {
                "type": "origins:change_resource",
                "change": 0,
                "operation": "set",
                "resource": "*:*_railgun_resource_1"
              },
              {
                "type": "origins:change_resource",
                "change": 0,
                "operation": "set",
                "resource": "*:*_railgun_resource_0"
              },
              {
                "type": "origins:trigger_cooldown",
                "power": "*:*_cooldown"
              }
            ]
          },
          "condition": {
            "type": "origins:resource",
            "compare_to": 1,
            "comparison": "==",
            "resource": "*:*_railgun_resource_1"
          }
        },
        {
          "action": {
            "type": "origins:and",
            "actions": [
              {
                "type": "origins:fire_projectile",
                "speed": 4,
                "count": 1,
                "divergence": 0,
                "entity_type": "minecraft:arrow",
                "tag": "{pickup:0b,damage:6d,crit:1b,NoGravity:1b,life:1000}"
              },
              {
                "type": "origins:change_resource",
                "change": 0,
                "operation": "set",
                "resource": "*:*_railgun_resource_2"
              },
              {
                "type": "origins:change_resource",
                "change": 0,
                "operation": "set",
                "resource": "*:*_railgun_resource_0"
              },
              {
                "type": "origins:trigger_cooldown",
                "power": "*:*_cooldown"
              }
            ]
          },
          "condition": {
            "type": "origins:resource",
            "compare_to": 1,
            "comparison": "==",
            "resource": "*:*_railgun_resource_2"
          }
        },
        {
          "action": {
            "type": "origins:and",
            "actions": [
              {
                "type": "origins:fire_projectile",
                "speed": 4,
                "count": 1,
                "divergence": 0,
                "entity_type": "minecraft:arrow",
                "tag": "{pickup:0b,damage:8d,crit:1b,NoGravity:1b,life:1000}"
              },
              {
                "type": "origins:change_resource",
                "change": 0,
                "operation": "set",
                "resource": "*:*_railgun_resource_3"
              },
              {
                "type": "origins:change_resource",
                "change": 0,
                "operation": "set",
                "resource": "*:*_railgun_resource_0"
              },
              {
                "type": "origins:trigger_cooldown",
                "power": "*:*_cooldown"
              }
            ]
          },
          "condition": {
            "type": "origins:resource",
            "compare_to": 1,
            "comparison": "==",
            "resource": "*:*_railgun_resource_3"
          }
        },
        {
          "action": {
            "type": "origins:and",
            "actions": [
              {
                "type": "origins:fire_projectile",
                "speed": 4,
                "count": 1,
                "divergence": 0,
                "entity_type": "minecraft:arrow",
                "tag": "{pickup:0b,damage:12d,crit:1b,NoGravity:1b,life:1000}"
              },
              {
                "type": "origins:change_resource",
                "change": 0,
                "operation": "set",
                "resource": "*:*_railgun_resource_4"
              },
              {
                "type": "origins:change_resource",
                "change": 0,
                "operation": "set",
                "resource": "*:*_railgun_resource_0"
              },
              {
                "type": "origins:trigger_cooldown",
                "power": "*:*_cooldown"
              }
            ]
          },
          "condition": {
            "type": "origins:resource",
            "compare_to": 1,
            "comparison": "==",
            "resource": "*:*_railgun_resource_4"
          }
        }
      ]
    },
    "key": "key.use",
    "condition": {
      "type": "origins:resource",
      "compare_to": 0,
      "comparison": "==",
      "resource": "*:*_cooldown"
    }
  },
  "cooldown": {
    "type": "origins:cooldown",
    "cooldown": 60,
    "hud_render": {
      "should_render": false
    }
  },
  "zoom": {
    "type": "apugli:modify_fov",
    "change_divisor": 20,
    "modifier": {
      "value": -0.75,
      "operation": "multiply_total"
    },
    "condition": {
      "type": "origins:or",
      "conditions": [
        {
          "type": "origins:resource",
          "compare_to": 1,
          "comparison": "==",
          "resource": "*:*_railgun_resource_1"
        },
        {
          "type": "origins:resource",
          "compare_to": 1,
          "comparison": "==",
          "resource": "*:*_railgun_resource_2"
        },
        {
          "type": "origins:resource",
          "compare_to": 1,
          "comparison": "==",
          "resource": "*:*_railgun_resource_3"
        },
        {
          "type": "origins:resource",
          "compare_to": 1,
          "comparison": "==",
          "resource": "*:*_railgun_resource_4"
        }
      ]
    }
  }
}
