{
  "name": "Gauntlet Of claws",
  "description": "You deal more damage than any weapon with your fists.\nYou're able to attack with both hands, decreasing your attack cooldown by half\nYou are unable to use any melee weapons.",
  "type": "origins:multiple",
  "more_damage_fists": {
    "type": "origins:attribute",
    "modifier": {
      "attribute": "minecraft:generic.attack_damage",
      "operation": "addition",
      "value": 15
    }
  },
  "two_handed": {
    "type": "origins:attribute",
    "modifier": {
      "attribute": "minecraft:generic.attack_speed",
      "operation": "addition",
      "value": 0.5
    }
  },
  "no_weapons": {
    "type": "origins:modify_damage_dealt",
    "modifier": {
      "operation": "addition",
      "value": -999
    },
    "condition": {
      "type": "origins:equipped_item",
      "equipment_slot": "mainhand",
      "item_condition": {
        "inverted": true,
        "type": "origins:ingredient",
        "ingredient": {
          "item": "minecraft:air"
        }
      }
    }
  }
}
