{
  "name": "Always on the hunt",
  "description": "Crimson Piglins have always been known for their hostile and brutual behavior, usually rushing in head on without thinking.",
  "type": "origins:multiple",
  "barter": {
    "type": "origins:action_on_being_used",
    "hands": ["main_hand"],
    "bientity_action": {
      "type": "origins:actor_action",
      "action": {
        "type": "origins:delay",
        "ticks": 100,
        "action": {
          "type": "origins:execute_command",
          "command": "loot spawn ~ ~ ~ loot luna:crimson"
        }
      }
    },
    "item_condition": {
      "type": "origins:ingredient",
      "ingredient": {
        "tag": "minecraft:piglin_loved"
      }
    },
    "held_item_action": {
      "type": "origins:consume"
    }
  },
  "spawn": {
    "type": "origins:modify_player_spawn",
    "biome": "minecraft:crimson_forest",
    "dimension": "minecraft:the_nether",
    "spawn_strategy": "default"
  }
}
