{
    "name": "Cobblestone Blast",
    "description": "Shoot a damaging ray of cobblestone using the command block.",
    "type": "origins:multiple",
    "cobbleray": {
        "type": "origins:active_self",
        "entity_action": {
            "type": "origins:and",
            "actions": [
                {
                    "type": "origins:raycast",
                    "distance": 20,
                    "block": true,
                    "entity": true,
                    "shape_type": "outline",
                    "fluid_handling": "any",
                    "bientity_action": {
                        "type": "origins:and",
                        "actions": [
                            {
                                "type": "origins:damage",
                                "amount": 10,
                                "source": {
                                    "name": "arrow"
                                }
                            }
                        ]
                    },
                    "command_along_ray": "execute unless entity @e[type=minecraft:falling_block,distance=..1] run summon falling_block ~ ~ ~ {BlockState:{Name:\"minecraft:cobblestone\"},NoGravity:1b,Time:500,DropItem:0b,CancelDrop:1b,HurtEntities:0b}",
                    "command_step": 0.01
                },
                {
                    "type": "origins:play_sound",
                    "sound": "minecraft:block.stone.place",
                    "volume": 1,
                    "pitch": 0.75
                }
            ]
        },
        "cooldown": 60,
        "hud_render": {
            "should_render": true,
            "sprite_location": "origins:textures/gui/community/huang/resource_bar_02.png",
            "bar_index": 12
        },
        "key": {
            "key": "key.origins.primary_active"
        }
    }
}