{
  "hidden": true,
  "type": "origins:multiple",
  "telekinesistp": {
    "type": "origins:active_self",
    "entity_action": {
      "type": "origins:and",
      "actions": [
        {
          "type": "origins:execute_command",
          "command": "tp @e[tag=teletarget,distance=..32] ^ ^1 ^8.5"
        }
      ]
    },
    "key": {
      "key": "key.origins.secondary_active",
      "continuous": true
    }
  },
  "telekinesissound": {
    "type": "origins:active_self",
    "entity_action": {
      "type": "origins:and",
      "actions": [
        {
          "type": "origins:play_sound",
          "sound": "minecraft:block.beacon.ambient",
          "volume": 1,
          "pitch": 1
        }
      ]
    },
    "cooldown": 40,
    "key": {
      "key": "key.origins.secondary_active",
      "continuous": true
    }
  },
  "telekinesisentspawn": {
    "type": "origins:active_self",
    "entity_action": {
      "type": "origins:execute_command",
      "command": "summon minecraft:armor_stand ~ ~-20 ~ {Tags:[\"teletarget\"],Invincible:1,Invisible:1}"
    },
    "key": {
      "key": "key.origins.secondary_active"
    }
  },
  "armorstandpowergrant": {
    "type": "origins:action_over_time",
    "interval": 10,
    "entity_action": {
      "type": "origins:execute_command",
      "command": "power grant @e[tag=teletarget] commandarmor:armorstandpower"
    }
  },
  "telekinesisresource": {
    "type": "origins:resource",
    "min": 0,
    "max": 3
  },
  "decay": {
    "condition": {
      "type": "origins:resource",
      "resource": "*:*_telekinesisresource",
      "comparison": ">",
      "compare_to": 0
    },
    "type": "origins:action_over_time",
    "interval": 1,
    "entity_action": {
      "type": "origins:change_resource",
      "resource": "*:*_telekinesisresource",
      "change": -1,
      "operation": "add"
    }
  },
  "key": {
    "type": "origins:active_self",
    "entity_action": {
      "type": "origins:change_resource",
      "resource": "*:*_telekinesisresource",
      "change": 2,
      "operation": "add"
    },
    "key": {
      "key": "key.origins.secondary_active",
      "continuous": true
    }
  },
  "holdorrelease": {
    "condition": {
      "type": "origins:resource",
      "resource": "*:*_telekinesisresource",
      "comparison": ">",
      "compare_to": 1
    },
    "type": "origins:action_over_time",
    "interval": 1,
    "falling_action": {
      "type": "origins:execute_command",
      "command": "kill @e[tag=teletarget]"
    }
  }
}
