{
    "name": "Telekinesis Beam",
    "description": "Utilizing the teleport command you are able to grab and move entities using a ray of command block energy.",
    "type": "origins:multiple",
    "telekinesisactive": {
        "type": "origins:active_self",
        "entity_action": {
            "type": "origins:raycast",
            "distance": 16,
            "block": false,
            "entity": true,
            "shape_type": "outline",
            "fluid_handling": "any",
            "command_along_ray": "particle minecraft:end_rod ~ ~-0.75 ~"
        },
        "key": {
            "key": "key.origins.secondary_active",
            "continuous": true
        }
    }
}