{
  "type": "origins:multiple",
  "effects": {
    "type": "origins:action_over_time",
    "interval": 20,
    "entity_action": {
      "type": "origins:apply_effect",
      "effects": [
        {
          "effect": "minecraft:resistance",
          "amplifier": 2,
          "duration": 100,
          "show_particles": false
        },
        {
          "effect": "minecraft:strength",
          "amplifier": 2,
          "duration": 100,
          "show_particles": false
        }
      ]
    }
  },
  "fast": {
    "type": "origins:conditioned_attribute",
    "modifier": {
      "attribute": "minecraft:generic.movement_speed",
      "operation": "addition",
      "value": 2
    },
    "condition": {
      "type": "origins:fluid_height",
      "compare_to": 0.01,
      "comparison": ">=",
      "fluid": "minecraft:water",
      "inverted": true
    }
  },
  "prevent_bucket": {
    "type": "origins:prevent_being_used",
    "item_condition": {
      "type": "origins:ingredient",
      "ingredient": {
        "tag": "axolotl:axolotl/these_are_buckets"
      }
    }
  }
}
