{
  "type": "origins:multiple",
  "fire": {
    "type": "origins:action_on_hit",
    "bientity_action": {
      "type": "origins:target_action",
      "action": {
        "type": "origins:and",
        "actions": [
          {
            "type": "origins:set_on_fire",
            "duration": 7
          },
          {
            "type": "origins:apply_effect",
            "effect": {
              "effect": "minecraft:slowness",
              "duration": 100
            }
          }
        ]
      }
    }
  },
  "fire_immune": {
    "type": "origins:fire_immunity"
  }
}
