{
  "type": "origins:multiple",
  "effects": {
    "type": "origins:action_over_time",
    "interval": 20,
    "entity_action": {
      "type": "origins:area_of_effect",
      "bientity_action": {
        "type": "origins:target_action",
        "action": {
          "type": "origins:apply_effect",
          "effect": {
            "effect": "minecraft:regeneration",
            "amplifier": 1,
            "duration": 100,
            "show_particles": false
          }
        }
      },
      "bientity_condition": {
        "type": "origins:target_condition",
        "condition": {
          "type": "origins:entity_type",
          "entity_type": "minecraft:axolotl"
        }
      }
    }
  },
  "immune": {
    "type": "origins:effect_immunity",
    "effect": "minecraft:regeneration"
  }
}
