{
  "type": "origins:multiple",
  "timer_bar": {
    "type": "origins:resource",
    "max": 13200,
    "min": 0
  },
  "timer_hider": {
    "type": "origins:action_over_time",
    "interval": 5,
    "entity_action": {
      "type": "origins:area_of_effect",
      "radius": 256,
      "shape": "cube",
      "bientity_action": {
        "type": "origins:target_action",
        "action": {
          "type": "origins:if_else_list",
          "actions": [
            {
              "action": {
                "type": "origins:apply_effect",
                "effect": {
                  "duration": 20,
                  "effect": "minecraft:glowing"
                }
              },
              "condition": {
                "type": "origins:resource",
                "compare_to": 1200,
                "comparison": "==",
                "resource": "*:*_timer_bar"
              }
            },
            {
              "action": {
                "type": "origins:apply_effect",
                "effect": {
                  "duration": 40,
                  "effect": "minecraft:glowing"
                }
              },
              "condition": {
                "type": "origins:resource",
                "compare_to": 2400,
                "comparison": "==",
                "resource": "*:*_timer_bar"
              }
            },
            {
              "action": {
                "type": "origins:apply_effect",
                "effect": {
                  "duration": 60,
                  "effect": "minecraft:glowing"
                }
              },
              "condition": {
                "type": "origins:resource",
                "compare_to": 3600,
                "comparison": "==",
                "resource": "*:*_timer_bar"
              }
            },
            {
              "action": {
                "type": "origins:apply_effect",
                "effect": {
                  "duration": 80,
                  "effect": "minecraft:glowing"
                }
              },
              "condition": {
                "type": "origins:resource",
                "compare_to": 4800,
                "comparison": "==",
                "resource": "*:*_timer_bar"
              }
            },
            {
              "action": {
                "type": "origins:and",
                "actions": [
                  {
                    "type": "origins:apply_effect",
                    "effect": {
                      "duration": 100,
                      "effect": "minecraft:glowing"
                    }
                  },
                  {
                    "type": "origins:execute_command",
                    "command": "title @a[distance=..256] title {\"bold\":true,\"color\":\"red\",\"text\":\"5 Minutes Left!\"}"
                  }
                ]
              },
              "condition": {
                "type": "origins:resource",
                "compare_to": 6000,
                "comparison": "==",
                "resource": "*:*_timer_bar"
              }
            },
            {
              "action": {
                "type": "origins:apply_effect",
                "effect": {
                  "duration": 120,
                  "effect": "minecraft:glowing"
                }
              },
              "condition": {
                "type": "origins:resource",
                "compare_to": 7200,
                "comparison": "==",
                "resource": "*:*_timer_bar"
              }
            },
            {
              "action": {
                "type": "origins:apply_effect",
                "effect": {
                  "duration": 140,
                  "effect": "minecraft:glowing"
                }
              },
              "condition": {
                "type": "origins:resource",
                "compare_to": 8400,
                "comparison": "==",
                "resource": "*:*_timer_bar"
              }
            },
            {
              "action": {
                "type": "origins:apply_effect",
                "effect": {
                  "duration": 160,
                  "effect": "minecraft:glowing"
                }
              },
              "condition": {
                "type": "origins:resource",
                "compare_to": 9600,
                "comparison": "==",
                "resource": "*:*_timer_bar"
              }
            },
            {
              "action": {
                "type": "origins:apply_effect",
                "effect": {
                  "duration": 180,
                  "effect": "minecraft:glowing"
                }
              },
              "condition": {
                "type": "origins:resource",
                "compare_to": 10800,
                "comparison": "==",
                "resource": "*:*_timer_bar"
              }
            },
            {
              "action": {
                "type": "origins:apply_effect",
                "effect": {
                  "duration": -1,
                  "effect": "minecraft:glowing"
                }
              },
              "condition": {
                "type": "origins:resource",
                "compare_to": 12000,
                "comparison": "==",
                "resource": "*:*_timer_bar"
              }
            },
            {
              "action": {
                "type": "origins:execute_command",
                "command": "function hideandseek:hiderwin"
              },
              "condition": {
                "type": "origins:resource",
                "compare_to": 13200,
                "comparison": "==",
                "resource": "*:*_timer_bar"
              }
            }
          ]
        }
      },
      "bientity_condition": {
        "type": "origins:target_condition",
        "condition": {
          "type": "origins:origin",
          "origin": "hideandseek:hider",
          "layer": "origins:origin"
        }
      }
    }
  },
  "timer_up": {
    "type": "origins:action_over_time",
    "interval": 20,
    "entity_action": {
      "type": "origins:change_resource",
      "change": 20,
      "operation": "add",
      "resource": "*:*_timer_bar"
    }
  },
  "timer_hunter": {
    "type": "origins:action_over_time",
    "interval": 5,
    "entity_action": {
      "type": "origins:area_of_effect",
      "radius": 256,
      "shape": "cube",
      "bientity_action": {
        "type": "origins:target_action",
        "action": {
          "type": "origins:if_else_list",
          "actions": [
            {
              "action": {
                "type": "origins:apply_effect",
                "effects": [
                  {
                    "duration": -1,
                    "effect": "minecraft:speed"
                  },
                  {
                    "effect": "minecraft:jump_boost",
                    "duration": -1
                  }
                ]
              },
              "condition": {
                "type": "origins:resource",
                "compare_to": 1200,
                "comparison": "==",
                "resource": "*:*_timer_bar"
              }
            },
            {
              "action": {
                "type": "origins:apply_effect",
                "effects": [
                  {
                    "duration": -1,
                    "effect": "minecraft:speed",
                    "amplifier": 1
                  },
                  {
                    "effect": "minecraft:jump_boost",
                    "duration": -1,
                    "amplifier": 1
                  }
                ]
              },
              "condition": {
                "type": "origins:resource",
                "compare_to": 2400,
                "comparison": "==",
                "resource": "*:*_timer_bar"
              }
            },
            {
              "action": {
                "type": "origins:apply_effect",
                "effects": [
                  {
                    "duration": -1,
                    "effect": "minecraft:speed",
                    "amplifier": 1
                  },
                  {
                    "effect": "minecraft:jump_boost",
                    "duration": -1,
                    "amplifier": 1
                  }
                ]
              },
              "condition": {
                "type": "origins:resource",
                "compare_to": 3600,
                "comparison": "==",
                "resource": "*:*_timer_bar"
              }
            },
            {
              "action": {
                "type": "origins:apply_effect",
                "effects": [
                  {
                    "duration": -1,
                    "effect": "minecraft:speed",
                    "amplifier": 2
                  },
                  {
                    "effect": "minecraft:jump_boost",
                    "duration": -1,
                    "amplifier": 2
                  }
                ]
              },
              "condition": {
                "type": "origins:resource",
                "compare_to": 4800,
                "comparison": "==",
                "resource": "*:*_timer_bar"
              }
            },
            {
              "action": {
                "type": "origins:and",
                "actions": [
                  {
                    "type": "origins:apply_effect",
                    "effects": [
                      {
                        "duration": -1,
                        "effect": "minecraft:speed",
                        "amplifier": 2
                      },
                      {
                        "effect": "minecraft:jump_boost",
                        "duration": -1,
                        "amplifier": 2
                      }
                    ]
                  },
                  {
                    "type": "origins:execute_command",
                    "command": "title @a[distance=..256] title {\"bold\":true,\"color\":\"red\",\"text\":\"5 Minutes Left!\"}"
                  }
                ]
              },
              "condition": {
                "type": "origins:resource",
                "compare_to": 6000,
                "comparison": "==",
                "resource": "*:*_timer_bar"
              }
            },
            {
              "action": {
                "type": "origins:apply_effect",
                "effects": [
                  {
                    "duration": -1,
                    "effect": "minecraft:speed",
                    "amplifier": 3
                  },
                  {
                    "effect": "minecraft:jump_boost",
                    "duration": -1,
                    "amplifier": 3
                  }
                ]
              },
              "condition": {
                "type": "origins:resource",
                "compare_to": 7200,
                "comparison": "==",
                "resource": "*:*_timer_bar"
              }
            },
            {
              "action": {
                "type": "origins:apply_effect",
                "effects": [
                  {
                    "duration": -1,
                    "effect": "minecraft:speed",
                    "amplifier": 3
                  },
                  {
                    "effect": "minecraft:jump_boost",
                    "duration": -1,
                    "amplifier": 3
                  }
                ]
              },
              "condition": {
                "type": "origins:resource",
                "compare_to": 8400,
                "comparison": "==",
                "resource": "*:*_timer_bar"
              }
            },
            {
              "action": {
                "type": "origins:apply_effect",
                "effects": [
                  {
                    "duration": -1,
                    "effect": "minecraft:speed",
                    "amplifier": 4
                  },
                  {
                    "effect": "minecraft:jump_boost",
                    "duration": -1,
                    "amplifier": 4
                  }
                ]
              },
              "condition": {
                "type": "origins:resource",
                "compare_to": 9600,
                "comparison": "==",
                "resource": "*:*_timer_bar"
              }
            },
            {
              "action": {
                "type": "origins:apply_effect",
                "effects": [
                  {
                    "duration": -1,
                    "effect": "minecraft:speed",
                    "amplifier": 4
                  },
                  {
                    "effect": "minecraft:jump_boost",
                    "duration": -1,
                    "amplifier": 4
                  }
                ]
              },
              "condition": {
                "type": "origins:resource",
                "compare_to": 10800,
                "comparison": "==",
                "resource": "*:*_timer_bar"
              }
            },
            {
              "action": {
                "type": "origins:apply_effect",
                "effects": [
                  {
                    "duration": -1,
                    "effect": "minecraft:speed",
                    "amplifier": 5
                  },
                  {
                    "effect": "minecraft:jump_boost",
                    "duration": -1,
                    "amplifier": 5
                  }
                ]
              },
              "condition": {
                "type": "origins:resource",
                "compare_to": 12000,
                "comparison": "==",
                "resource": "*:*_timer_bar"
              }
            },
            {
              "action": {
                "type": "origins:execute_command",
                "command": "function hideandseek:hiderwin"
              },
              "condition": {
                "type": "origins:resource",
                "compare_to": 13200,
                "comparison": "==",
                "resource": "*:*_timer_bar"
              }
            }
          ]
        }
      },
      "bientity_condition": {
        "type": "origins:target_condition",
        "condition": {
          "type": "origins:origin",
          "origin": "hideandseek:seeker",
          "layer": "origins:origin"
        }
      }
    }
  }
}
