{
  "name": "Phantom Trick",
  "description": "Go completely invisible by sneaking. Just dont get hit!",
  "type": "origins:multiple",
  "sneak": {
    "type": "origins:invisibility",
    "render_armor": false,
    "render_outline": true,
    "condition": {
      "type": "origins:and",
      "conditions": [
        {
          "type": "origins:sneaking"
        },
        {
          "type": "origins:resource",
          "compare_to": 0,
          "comparison": "==",
          "resource": "*:*_invis_sneak"
        },
        {
          "type": "origins:resource",
          "compare_to": 0,
          "comparison": "==",
          "resource": "luna:kitsune/power_active_trick"
        }
      ]
    }
  },
  "invis_sneak": {
    "type": "origins:resource",
    "min": 0,
    "max": 1,
    "hud_render": {
      "should_render": false
    }
  },
  "when_invis_hit": {
    "type": "origins:action_when_hit",
    "bientity_action": {
      "type": "origins:and",
      "actions": [
        {
          "type": "origins:target_action",
          "action": {
            "type": "origins:and",
            "actions": [
              {
                "type": "origins:apply_effect",
                "effects": [
                  {
                    "effect": "minecraft:weakness",
                    "duration": 100
                  },
                  {
                    "effect": "minecraft:slowness",
                    "amplifier": 2,
                    "duration": 100
                  },
                  {
                    "effect": "minecraft:glowing",
                    "duration": 100
                  }
                ]
              },
              {
                "type": "origins:change_resource",
                "change": 1,
                "resource": "*:*_invis_sneak"
              }
            ]
          }
        }
      ]
    },
    "condition": {
      "type": "origins:and",
      "conditions": [
        {
          "type": "origins:sneaking"
        },
        {
          "type": "origins:resource",
          "compare_to": 0,
          "comparison": "==",
          "resource": "*:*_invis_sneak"
        }
      ]
    }
  },
  "reset_bar": {
    "type": "origins:action_over_time",
    "interval": 200,
    "entity_action": {
      "type": "origins:change_resource",
      "change": 0,
      "resource": "*:*_invis_sneak"
    },
    "condition": {
      "type": "origins:resource",
      "compare_to": 0,
      "comparison": "==",
      "resource": "*:*_invis_sneak"
    }
  }
}
