{
  "type": "origins:multiple",
  "flight": {
    "type": "origins:creative_flight",
    "condition": {
      "type": "origins:origin",
      "origin": "luna:solaris_form/protostar",
      "layer": "luna:luna_layers",
      "inverted": true
    }
  },
  "flightspeed": {
    "type": "origins:modify_air_speed",
    "condition": {
      "type": "origins:and",
      "conditions": [
        { "type": "origins:creative_flying" },
        {
          "type": "origins:origin",
          "origin": "luna:solaris_form/blackhole",
          "layer": "luna:luna_layers",
          "inverted": true
        }
      ]
    },
    "modifier": { "operation": "multiply_total", "value": -0.5 }
  },
  "flightspeed2": {
    "type": "origins:modify_air_speed",
    "condition": {
      "type": "origins:and",
      "conditions": [
        { "type": "origins:creative_flying" },
        {
          "type": "origins:origin",
          "origin": "luna:solaris_form/blackhole",
          "layer": "luna:luna_layers"
        }
      ]
    },
    "modifier": { "operation": "multiply_total", "value": -0.8 }
  },
  "glows": {
    "type": "origins:self_glow",
    "blue": 0,
    "condition": {
      "type": "origins:or",
      "conditions": [
        {
          "type": "origins:origin",
          "origin": "luna:solaris_form/base",
          "layer": "luna:luna_layers"
        },
        {
          "type": "origins:origin",
          "origin": "luna:solaris_form/protostar",
          "layer": "luna:luna_layers"
        }
      ]
    },
    "bientity_condition": { "type": "origins:can_see" },
    "red": 1,
    "green": 0.6470588235
  },
  "glowb": {
    "type": "origins:self_glow",
    "blue": 0,
    "condition": {
      "type": "origins:origin",
      "origin": "luna:solaris_form/blackhole",
      "layer": "luna:luna_layers"
    },
    "bientity_condition": { "type": "origins:can_see" },
    "red": 0,
    "green": 0
  },
  "glown": {
    "type": "origins:self_glow",
    "condition": {
      "type": "origins:origin",
      "origin": "luna:solaris_form/neutron",
      "layer": "luna:luna_layers"
    },
    "bientity_condition": { "type": "origins:can_see" },
    "red": 0.07843137255,
    "green": 0.05098039216,
    "blue": 0.262745098
  },
  "fp": {
    "type": "origins:modify_exhaustion",
    "modifier": { "operation": "multiply_total", "value": 1 },
    "condition": {
      "type": "origins:and",
      "conditions": [
        {
          "type": "origins:origin",
          "origin": "luna:solaris_form/protostar",
          "layer": "luna:luna_layers"
        }
      ]
    }
  },
  "fpb": {
    "type": "origins:modify_exhaustion",
    "modifier": { "operation": "multiply_total", "value": 5 },
    "condition": {
      "type": "origins:and",
      "conditions": [
        {
          "type": "origins:origin",
          "origin": "luna:solaris_form/blackhole",
          "layer": "luna:luna_layers"
        }
      ]
    }
  },
  "fpn": {
    "type": "origins:modify_exhaustion",
    "modifier": { "operation": "multiply_total", "value": -0.5 },
    "condition": {
      "type": "origins:and",
      "conditions": [
        {
          "type": "origins:origin",
          "origin": "luna:solaris_form/neutron",
          "layer": "luna:luna_layers"
        }
      ]
    }
  },
  "fpbs": {
    "type": "origins:modify_exhaustion",
    "modifier": { "operation": "multiply_total", "value": -0.5 },
    "condition": {
      "type": "origins:and",
      "conditions": [
        {
          "type": "origins:origin",
          "origin": "luna:solaris_form/base",
          "layer": "luna:luna_layers"
        }
      ]
    }
  },
  "alwayseat": { "type": "origins:modify_food", "always_edible": true },
  "nosat": {
    "type": "origins:modify_food",
    "condition": {
      "type": "origins:food_level",
      "comparison": ">=",
      "compare_to": 20
    },
    "saturation_modifier": {
      "operation": "set_total",
      "value": 0
    },
    "entity_action": {
      "type": "origins:change_resource",
      "resource": "luna:solaris/mass_resource",
      "operation": "add",
      "change": 15
    }
  },
  "aot": {
    "type": "origins:action_over_time",
    "entity_action": {
      "type": "origins:if_else_list",
      "actions": [
        {
          "condition": {
            "type": "origins:origin",
            "origin": "luna:solaris_form/protostar",
            "layer": "luna:luna_layers"
          },
          "action": {
            "type": "origins:change_resource",
            "change": 1,
            "operation": "add",
            "resource": "luna:solaris/mass_resource"
          }
        },
        {
          "condition": {
            "type": "origins:origin",
            "origin": "luna:solaris_form/base",
            "layer": "luna:luna_layers"
          },
          "action": {
            "type": "origins:change_resource",
            "change": 1,
            "operation": "add",
            "resource": "luna:solaris/mass_resource"
          }
        },
        {
          "condition": {
            "type": "origins:origin",
            "origin": "luna:solaris_form/blackhole",
            "layer": "luna:luna_layers"
          },
          "action": {
            "type": "origins:change_resource",
            "change": -1,
            "operation": "add",
            "resource": "luna:solaris/mass_resource"
          }
        },
        {
          "condition": {
            "type": "origins:origin",
            "origin": "luna:solaris_form/neutron",
            "layer": "luna:luna_layers"
          },
          "action": {
            "type": "origins:change_resource",
            "change": -1,
            "operation": "add",
            "resource": "luna:solaris/mass_resource"
          }
        }
      ]
    }
  },
  "immune": {
    "type": "origins:modify_damage_taken",
    "damage_condition": {
      "type": "origins:or",
      "conditions": [{ "type": "origins:name", "name": "explosion" }]
    },
    "modifier": { "value": -1, "operation": "multiply_total" },
    "hidden": true
  },
  "fi": { "type": "origins:fire_immunity" },
  "death": {
    "type": "origins:action_on_death",
    "bientity_action": {
      "type": "origins:target_action",
      "action": {
        "type": "origins:change_resource",
        "change": -500,
        "resource": "luna:solaris/mass_resource",
        "operation": "add"
      }
    }
  },
  "hidden": true,
  "origin_counter": {
    "type": "origins:action_on_callback",
    "entity_action_chosen": {
      "type": "origins:and",
      "actions": [
        {
          "type": "origins:execute_command",
          "command": "scoreboard players add Solaris Origin 1"
        }
      ]
    },
    "entity_action_lost": {
      "type": "origins:and",
      "actions": [
        {
          "type": "origins:execute_command",
          "command": "scoreboard players remove Solaris Origin 1"
        }
      ]
    }
  }
}
