{
  "type": "origins:multiple",
  "aot2": {
    "type": "origins:action_over_time",
    "condition": {
      "type": "origins:and",
      "conditions": [
        {
          "type": "origins:origin",
          "origin": "luna:solaris_form/protostar",
          "layer": "luna:luna_layers"
        },
        {
          "type": "origins:resource",
          "resource": "luna:solaris/mass_resource",
          "compare_to": 1000,
          "comparison": ">"
        }
      ]
    },
    "entity_action": {
      "type": "origins:execute_command",
      "command": "origin set @s luna:luna_layers luna:solaris_form/base"
    }
  },
  "miningspeed": {
    "condition": { "type": "origins:on_block", "inverted": true },
    "type": "origins:modify_break_speed",
    "modifier": { "operation": "multiply_total", "value": 3 }
  },
  "hidden": true
}
