{
  "name": "Quick Demise",
  "description": "Your flame's temperatures have reached levels high enough to dissipate rain, but not enough to get rid of water. You will melt much quicker than a regular Blazeborn.",
  "condition": {
    "type": "origins:fluid_height",
    "fluid": "minecraft:water",
    "comparison": ">",
    "compare_to": 0
  },
  "type": "origins:action_over_time",
  "entity_action": {
    "type": "origins:damage",
    "source": {
      "name": "hurt_by_water",
      "bypasses_armor": true,
      "unblockable": true,
      "magic": true
    },
    "amount": 4
  },
  "interval": 20
}
