{
  "name": "Soul Explosion",
  "description": "Explode in a massive explosion of Soul Power, doing heavy damage to anyone near you, lighting yourself aflame.",
  "type": "origins:active_self",
  "entity_action": {
    "type": "origins:and",
    "actions": [
      {
        "type": "origins:execute_command",
        "command": "particle minecraft:soul_fire_flame ~ ~ ~ 0.1 0.1 0.1 0.3 1000 normal @a"
      },
      {
        "type": "origins:execute_command",
        "command": "particle minecraft:explosion ~ ~ ~ 1.5 2 1.5 0 30 normal @a"
      },
      {
        "type": "origins:area_of_effect",
        "radius": 5,
        "include_target": false,
        "bientity_condition": {
          "type": "origins:target_condition",
          "condition": {
            "type": "origins:and",
            "conditions": []
          }
        },
        "bientity_action": {
          "type": "origins:target_action",
          "action": {
            "type": "origins:and",
            "actions": [
              {
                "type": "origins:set_on_fire",
                "duration": 10
              },
              {
                "type": "origins:damage",
                "amount": 30,
                "source": {
                  "name": "explosion"
                }
              }
            ]
          }
        }
      }
    ]
  },
  "cooldown": 600,
  "hud_render": {
    "should_render": true,
    "sprite_location": "origins:textures/gui/resource_bar.png",
    "bar_index": 7
  },
  "key": {
    "key": "key.origins.secondary_active"
  }
}
