{
  "name": "blaze powder eating",
  "description": "hi norb!!!\nif its not norb WHY ARE YOU HERE\nI was fixing stuff - Luna rot rot rot rot rot rot rot rot",
  "hidden": true,
  "condition": {
    "type": "origins:equipped_item",
    "equipment_slot": "mainhand",
    "item_condition": {
      "type": "origins:ingredient",
      "ingredient": {
        "item": "minecraft:blaze_powder"
      }
    }
  },
  "type": "origins:active_self",
  "entity_action": {
    "type": "origins:and",
    "actions": [
      {
        "type": "origins:equipped_item_action",
        "equipment_slot": "mainhand",
        "action": {
          "type": "origins:consume",
          "amount": 1
        }
      },
      {
        "type": "origins:set_on_fire",
        "duration": 120
      }
    ]
  },
  "cooldown": 200,
  "key": {
    "key": "key.use"
  }
}
