{
  "name": "Netherite Forged",
  "description": "Netherite is stronger on you, with the mixture of heat and durability.",
  "condition": {
    "type": "origins:or",
    "conditions": [
      {
        "type": "origins:equipped_item",
        "equipment_slot": "head",
        "item_condition": {
          "type": "origins:ingredient",
          "ingredient": {
            "item": "minecraft:netherite_helmet"
          }
        }
      },
      {
        "type": "origins:equipped_item",
        "equipment_slot": "chest",
        "item_condition": {
          "type": "origins:ingredient",
          "ingredient": {
            "item": "minecraft:netherite_chestplate"
          }
        }
      },
      {
        "type": "origins:equipped_item",
        "equipment_slot": "legs",
        "item_condition": {
          "type": "origins:ingredient",
          "ingredient": {
            "item": "minecraft:netherite_leggings"
          }
        }
      },
      {
        "type": "origins:equipped_item",
        "equipment_slot": "feet",
        "item_condition": {
          "type": "origins:ingredient",
          "ingredient": {
            "item": "minecraft:netherite_boots"
          }
        }
      }
    ]
  },
  "type": "origins:conditioned_attribute",
  "modifiers": [
    {
      "attribute": "minecraft:generic.armor_toughness",
      "operation": "addition",
      "value": 1.2
    },
    {
      "attribute": "minecraft:generic.armor",
      "operation": "addition",
      "value": 4
    }
  ],
  "tick_rate": 20,
  "update_health": false
}
