{
  "name": "To Arms!",
  "description": "Nearby Blazeborn, Nether Kitsune, and Scorch will receive Resistance, Strength, and Speed.",
  "badges": [
    {
      "type": "origins:tooltip",
      "sprite": "origins:textures/gui/badge/info.png",
      "text": "If a Kitsune receives this buff, their Soul Bar will also increase!"
    },
    {
      "type": "origins:tooltip",
      "text": "Successfully buffing one will also give you Resistance I",
      "sprite": "origins:textures/gui/badge/info.png"
    }
  ],
  "type": "origins:action_over_time",
  "interval": 200,
  "entity_action": {
    "type": "origins:area_of_effect",
    "radius": 30,
    "bientity_condition": {
      "type": "origins:target_condition",
      "condition": {
        "type": "origins:or",
        "conditions": [
          {
            "type": "origins:origin",
            "origin": "origins:blazeborn"
          },
          {
            "type": "origins:origin",
            "origin": "luna:kitsune_classes/nether_kitsune",
            "layer": "luna:luna_layers"
          },
          { "type": "origins:origin", "origin": "luna:scorch" }
        ]
      }
    },
    "bientity_action": {
      "type": "origins:target_action",
      "action": {
        "type": "origins:and",
        "actions": [
          {
            "type": "origins:area_of_effect",
            "radius": 30,
            "bientity_condition": {
              "type": "origins:target_condition",
              "condition": {
                "type": "origins:origin",
                "origin": "luna:ignea"
              }
            },
            "bientity_action": {
              "type": "origins:target_action",
              "action": {
                "type": "origins:and",
                "actions": [
                  {
                    "type": "origins:execute_command",
                    "command": "effect give @s minecraft:resistance 10 0 false"
                  },
                  {
                    "type": "origins:grant_advancement",
                    "advancement": "luna:ignea/toarms"
                  }
                ]
              }
            }
          },
          {
            "type": "origins:apply_effect",
            "effects": [
              {
                "effect": "minecraft:resistance",
                "duration": 200,
                "amplifier": 0,
                "show_particles": true,
                "show_icon": true
              },
              {
                "effect": "minecraft:strength",
                "duration": 200,
                "amplifier": 0,
                "show_particles": true,
                "show_icon": true
              },
              {
                "effect": "minecraft:speed",
                "duration": 200,
                "amplifier": 0,
                "show_particles": true,
                "show_icon": true
              }
            ]
          },
          {
            "type": "origins:change_resource",
            "resource": "luna:kitsune/nether/soul_mode_soul_bar",
            "change": 200,
            "operation": "add"
          }
        ]
      }
    }
  }
}
