{
  "name": "",
  "description": "",
  "hidden": true,
  "type": "origins:action_on_callback",
  "execute_chosen_when_orb": true,
  "entity_action_respawned": {
    "type": "origins:chance",
    "action": {
      "type": "origins:execute_command",
      "command": "origin set @s luna:luna_layers luna:axolotl_classes/blue_axolotl"
    },
    "chance": 0.1,
    "fail_action": {
      "type": "origins:execute_command",
      "command": "origin random @s luna:luna_layers"
    }
  }
}
