{
  "name": "Adventerous",
  "description": "Your drive for adventure empowers you! \nYou have night vision!",
  "type": "origins:multiple",
  "color": {
    "type": "origins:model_color",
    "red": 0.9843137255,
    "green": 0.7568627451,
    "blue": 0.8901960784
  },
  "speed": {
    "type": "origins:attribute",
    "modifier": {
      "attribute": "minecraft:generic.movement_speed",
      "operation": "addition",
      "value": 0.05
    }
  },
  "night_vision": {
    "type": "origins:night_vision",
    "strength": 0.3
  }
}
