{
  "name": "Wild Body",
  "description": "You are a untamed axolotl, giving you many benifits",
  "type": "origins:multiple",
  "color": {
    "type": "origins:model_color",
    "red": 0.6352941176,
    "green": 0.4784313725,
    "blue": 0.337254902
  },
  "sped": {
    "type": "origins:attribute",
    "modifier": {
      "operation": "addition",
      "value": 0.2,
      "attribute": "minecraft:generic.armor"
    }
  },
  "health": {
    "type": "origins:attribute",
    "modifier": {
      "attribute": "minecraft:generic.max_health",
      "value": 4,
      "operation": "addition"
    }
  }
}
