{
  "name": "Blood Requiem",
  "description": "Using all the blood you conjured, You can temporarily enhance your abilitys, and more frequently attack your enemys.",
  "type": "origins:multiple",
  "requim": {
    "type": "origins:active_self",
    "key": {
      "key": "key.loadToolbarActivator"
    },
    "hud_render": {
      "should_render": true,
      "sprite_location": "origins:textures/gui/luna_resource_bar.png",
      "bar_index": 3
    },
    "cooldown": 24000,
    "entity_action": {
      "type": "origins:and",
      "actions": [
        {
          "type": "origins:apply_effect",
          "effects": [
            {
              "duration": 1200,
              "effect": "minecraft:regeneration",
              "amplifier": 1,
              "show_icon": true,
              "show_particles": false
            },
            {
              "duration": 1200,
              "effect": "minecraft:strength",
              "amplifier": 2,
              "show_icon": true,
              "show_particles": false
            },
            {
              "duration": 1200,
              "effect": "minecraft:speed",
              "amplifier": 2,
              "show_icon": true,
              "show_particles": false
            }
          ]
        },
        {
          "type": "origins:play_sound",
          "sound": "minecraft:block.sculk_shrieker.shriek",
          "pitch": 1,
          "volume": 1,
          "category": "players"
        },
        {
          "type": "origins:change_resource",
          "change": 1,
          "resource": "*:*_active",
          "operation": "set"
        },
        {
          "type": "origins:delay",
          "ticks": 1200,
          "action": {
            "type": "origins:and",
            "actions": [
              {
                "type": "origins:change_resource",
                "change": 10,
                "resource": "*:phantom/dark_healing_blood",
                "operation": "set"
              },
              {
                "type": "origins:apply_effect",
                "effects": [
                  {
                    "duration": 200,
                    "effect": "minecraft:slowness",
                    "amplifier": 2,
                    "show_icon": true,
                    "show_particles": false
                  },
                  {
                    "duration": 300,
                    "effect": "minecraft:weakness",
                    "amplifier": 1,
                    "show_icon": true,
                    "show_particles": false
                  }
                ]
              },
              {
                "type": "origins:change_resource",
                "change": 0,
                "resource": "*:*_active",
                "operation": "set"
              },
              {
                "type": "origins:change_resource",
                "change": 0,
                "resource": "*:phantom/phase_phase_bar",
                "operation": "set"
              }
            ]
          }
        }
      ]
    },
    "condition": {
      "type": "origins:resource",
      "compare_to": 100,
      "comparison": "==",
      "resource": "*:phantom/dark_healing_blood"
    }
  },
  "active": {
    "type": "origins:resource",
    "max": 1,
    "min": 0
  },
  "phase_inf": {
    "type": "origins:action_over_time",
    "interval": 20,
    "entity_action": {
      "type": "origins:and",
      "actions": [
        {
          "type": "origins:change_resource",
          "change": 300,
          "resource": "*:phantom/phase_phase_bar",
          "operation": "set"
        }
      ]
    },
    "condition": {
      "type": "origins:resource",
      "compare_to": 1,
      "comparison": "==",
      "resource": "*:*_active"
    }
  },
  "faster_attacks": {
    "type": "origins:conditioned_attribute",
    "tick_rate": 10,
    "modifier": {
      "attribute": "minecraft:generic.attack_speed",
      "value": 2,
      "operation": "addition"
    },
    "condition": {
      "type": "origins:resource",
      "compare_to": 1,
      "comparison": "==",
      "resource": "*:*_active"
    }
  }
}
