{
  "name": "Dark Magic",
  "description": "Crimson Phantoms are born from a dark magic, This unpredictable magic comes with its perks and debuffs.\nThe dark magic has changed the color of your body.\nIt seems you can touch sunlight agian, however, you still take debuffs.\nYou take less physical damage, But magic hurts more.",
  "type": "origins:multiple",
  "color": {
    "type": "origins:model_color",
    "alpha": 0.8,
    "red": 1,
    "blue": 0.5,
    "green": 0.5
  },
  "less_physical_damage": {
    "type": "origins:modify_damage_taken",
    "modifier": {
      "operation": "multiply_total",
      "value": -0.15
    },
    "damage_condition": {
      "type": "origins:or",
      "conditions": [
        {
          "type": "origins:name",
          "name": "mob"
        },
        {
          "type": "origins:name",
          "name": "mob.item"
        },
        {
          "type": "origins:name",
          "name": "player"
        },
        {
          "type": "origins:name",
          "name": "player.item"
        },
        {
          "type": "origins:attacker",
          "entity_condition": {
            "type": "origins:exists"
          }
        }
      ]
    }
  },
  "more_magic_damage": {
    "type": "origins:modify_damage_taken",
    "modifier": {
      "operation": "multiply_total",
      "value": 0.5
    },
    "damage_condition": {
      "type": "origins:or",
      "conditions": [
        {
          "type": "origins:name",
          "name": "magic"
        },
        {
          "type": "origins:name",
          "name": "magic.player"
        },
        {
          "type": "moborigins:is_magic"
        },
        {
          "type": "apugli:magic"
        }
      ]
    }
  },
  "light_sensitive": {
    "type": "origins:shader",
    "shader": "minecraft:shaders/post/blobs2.json",
    "condition": {
      "type": "origins:and",
      "conditions": [
        {
          "type": "origins:daytime"
        },
        {
          "type": "origins:exposed_to_sun"
        },
        {
          "type": "origins:power_active",
          "power": "*:phase_phase_toggle",
          "inverted": true
        },
        {
          "type": "origins:in_rain",
          "inverted": true
        },
        {
          "type": "origins:status_effect",
          "effect": "minecraft:fire_resistance",
          "inverted": true
        }
      ]
    }
  },
  "light_weakness": {
    "type": "origins:action_over_time",
    "interval": 10,
    "entity_action": {
      "type": "origins:apply_effect",
      "effects": [
        {
          "duration": 40,
          "amplifier": 2,
          "effect": "minecraft:weakness",
          "show_icon": true,
          "show_particles": false
        },
        {
          "duration": 40,
          "amplifier": 1,
          "effect": "minecraft:mining_fatigue",
          "show_icon": true,
          "show_particles": false
        }
      ]
    },
    "condition": {
      "type": "origins:and",
      "conditions": [
        {
          "type": "origins:daytime"
        },
        {
          "type": "origins:exposed_to_sun"
        },
        {
          "type": "origins:power_active",
          "power": "*:phantom/phase_phase_toggle",
          "inverted": true
        },
        {
          "type": "origins:status_effect",
          "effect": "minecraft:fire_resistance",
          "inverted": true
        },
        {
          "type": "origins:in_rain",
          "inverted": true
        }
      ]
    }
  },
  "no_regen": {
    "type": "origins:disable_regen"
  },
  "fire": {
    "type": "origins:modify_damage_taken",
    "damage_condition": {
      "type": "origins:or",
      "conditions": [
        {
          "type": "origins:name",
          "name": "minecraft:on_fire"
        },
        {
          "type": "origins:name",
          "name": "minecraft:lava"
        }
      ]
    },
    "modifier": {
      "operation": "addition",
      "name": "fire",
      "value": 2
    }
  },
  "advancement": {
    "type": "origins:action_on_callback",
    "entity_action_chosen": {
      "type": "origins:grant_advancement",
      "advancement": "luna:crimson/crimson"
    }
  },
  "origin_counter": {
    "type": "origins:action_on_callback",
    "entity_action_chosen": {
      "type": "origins:and",
      "actions": [
        {
          "type": "origins:execute_command",
          "command": "scoreboard players add CrimsonPhantom Origin 1"
        }
      ]
    },
    "entity_action_lost": {
      "type": "origins:and",
      "actions": [
        {
          "type": "origins:execute_command",
          "command": "scoreboard players remove CrimsonPhantom Origin 1"
        }
      ]
    }
  }
}
