{
  "name": "Blood N' Death",
  "description": "Feast upon your victims in their last breaths.",
  "type": "origins:multiple",
  "kill": {
    "type": "origins:action_on_entity_use",
    "bientity_action": {
      "type": "origins:and",
      "actions": [
        {
          "type": "origins:actor_action",
          "action": {
            "type": "origins:and",
            "actions": [
              {
                "type": "origins:heal",
                "amount": 20
              },
              {
                "type": "origins:trigger_cooldown",
                "power": "*:*_cooldown"
              },
              {
                "type": "origins:feed",
                "food": 10,
                "saturation": 2
              },
              {
                "type": "origins:change_resource",
                "resource": "*:phantom/dark_healing_blood",
                "operation": "add",
                "change": -50
              }
            ]
          }
        },
        {
          "type": "origins:target_action",
          "action": {
            "type": "origins:delay",
            "ticks": 60,
            "action": {
              "type": "origins:and",
              "actions": [
                {
                  "type": "origins:execute_command",
                  "command": "tellraw @s {\"text\":\"You feel Dark Magic course through your veins. Its time to rest.\",\"color\":\"dark_red\",\"bold\":true}"
                },
                {
                  "type": "origins:execute_command",
                  "command": "particle minecraft:dust 1.0 0.0 0.0 1.0 ~ ~1 ~ 0.1 0.5 0.1 1 100 force"
                },
                {
                  "type": "origins:damage",
                  "amount": 40,
                  "damage_type": "minecraft:player_attack",
                  "source": {
                    "bypasses_armor": true,
                    "fire": false,
                    "magic": true,
                    "unblockable": true,
                    "out_of_world": true,
                    "name": "dark_healing"
                  }
                }
              ]
            }
          }
        }
      ]
    },
    "bientity_condition": {
      "type": "origins:and",
      "conditions": [
        {
          "type": "origins:target_condition",
          "condition": {
            "type": "origins:and",
            "conditions": [
              {
                "type": "origins:living"
              },
              {
                "type": "origins:origin",
                "layer": "origins:origin",
                "origin": "apocalypse:hexblade",
                "inverted": true
              },
              {
                "type": "origins:health",
                "compare_to": 4,
                "comparison": "<="
              },
              {
                "type": "origins:entity_type",
                "entity_type": "minecraft:player"
              }
            ]
          }
        },
        {
          "type": "origins:actor_condition",
          "condition": {
            "type": "origins:and",
            "conditions": [
              {
                "type": "origins:resource",
                "compare_to": 0,
                "comparison": "==",
                "resource": "*:*_cooldown"
              },
              {
                "type": "origins:sneaking",
                "inverted": true
              },
              {
                "type": "origins:resource",
                "compare_to": 50,
                "comparison": ">=",
                "resource": "*:phantom/dark_healing_blood"
              }
            ]
          }
        }
      ]
    }
  },
  "cooldown": {
    "type": "origins:cooldown",
    "cooldown": 500,
    "hud_render": {
      "bar_index": 3,
      "should_render": true
    }
  }
}
