{
  "name": "Blood Thirsty",
  "description": "It seems the dark magic has made you acquire a taste for blood. You must feast upon mobs to survive",
  "type": "origins:multiple",
  "blood": {
    "type": "origins:resource",
    "max": 100,
    "min": 0,
    "start_value": 20,
    "hud_render": {
      "should_render": true,
      "sprite_location": "origins:textures/gui/community/spiderkolo/resource_bar_01.png",
      "bar_index": 5
    }
  },
  "gain": {
    "type": "origins:action_on_entity_use",
    "bientity_action": {
      "type": "origins:and",
      "actions": [
        {
          "type": "origins:actor_action",
          "action": {
            "type": "origins:and",
            "actions": [
              {
                "type": "origins:heal",
                "amount": 6
              },
              {
                "type": "origins:change_resource",
                "resource": "*:*_blood",
                "change": 15,
                "operation": "add"
              },
              {
                "type": "origins:trigger_cooldown",
                "power": "*:*_cooldown"
              },
              {
                "type": "origins:feed",
                "food": 6,
                "saturation": 0.8
              }
            ]
          }
        },
        {
          "type": "origins:target_action",
          "action": {
            "type": "origins:and",
            "actions": [
              {
                "type": "origins:execute_command",
                "command": "particle minecraft:dust 1.0 0.0 0.0 1.0 ~ ~1 ~ 0.1 0.1 0.1 1 100 force"
              },
              {
                "type": "origins:damage",
                "amount": 8,
                "damage_type": "minecraft:player_attack",
                "source": {
                  "name": "dark_healing"
                }
              }
            ]
          }
        }
      ]
    },
    "bientity_condition": {
      "type": "origins:and",
      "conditions": [
        {
          "type": "origins:and",
          "conditions": [
            {
              "type": "origins:target_condition",
              "condition": {
                "type": "origins:and",
                "conditions": [
                  {
                    "type": "origins:living"
                  },
                  {
                    "type": "origins:entity_type",
                    "entity_type": "minecraft:skeleton",
                    "inverted": true
                  },
                  {
                    "type": "origins:entity_type",
                    "entity_type": "minecraft:wither_skeleton",
                    "inverted": true
                  },
                  {
                    "type": "origins:entity_type",
                    "entity_type": "minecraft:stray",
                    "inverted": true
                  }
                ]
              }
            },
            {
              "type": "origins:actor_condition",
              "condition": {
                "type": "origins:or",
                "conditions": [
                  {
                    "type": "origins:status_effect",
                    "effect": "minecraft:fire_resistance"
                  },
                  {
                    "type": "origins:on_fire",
                    "inverted": true
                  }
                ]
              }
            }
          ]
        },
        {
          "type": "origins:actor_condition",
          "condition": {
            "type": "origins:and",
            "conditions": [
              {
                "type": "origins:resource",
                "compare_to": 0,
                "comparison": "==",
                "resource": "*:*_cooldown"
              },
              {
                "type": "origins:sneaking",
                "inverted": true
              },
              {
                "type": "origins:resource",
                "compare_to": 0,
                "comparison": "==",
                "resource": "luna:phantom/crimson_return_died"
              }
            ]
          }
        }
      ]
    }
  },
  "gain_fire": {
    "type": "origins:action_on_entity_use",
    "bientity_action": {
      "type": "origins:and",
      "actions": [
        {
          "type": "origins:actor_action",
          "action": {
            "type": "origins:and",
            "actions": [
              {
                "type": "origins:heal",
                "amount": 3
              },
              {
                "type": "origins:change_resource",
                "resource": "*:*_blood",
                "change": 5,
                "operation": "add"
              },
              {
                "type": "origins:trigger_cooldown",
                "power": "*:*_cooldown"
              },
              {
                "type": "origins:feed",
                "food": 3,
                "saturation": 0.3
              }
            ]
          }
        },
        {
          "type": "origins:target_action",
          "action": {
            "type": "origins:and",
            "actions": [
              {
                "type": "origins:execute_command",
                "command": "particle minecraft:dust 1.0 0.0 0.0 1.0 ~ ~1 ~ 0.1 0.1 0.1 1 100 force"
              },
              {
                "type": "origins:damage",
                "amount": 4,
                "damage_type": "minecraft:player_attack",
                "source": {
                  "name": "dark_healing"
                }
              }
            ]
          }
        }
      ]
    },
    "bientity_condition": {
      "type": "origins:and",
      "conditions": [
        {
          "type": "origins:and",
          "conditions": [
            {
              "type": "origins:target_condition",
              "condition": {
                "type": "origins:and",
                "conditions": [
                  {
                    "type": "origins:living"
                  },
                  {
                    "type": "origins:entity_type",
                    "entity_type": "minecraft:skeleton",
                    "inverted": true
                  },
                  {
                    "type": "origins:entity_type",
                    "entity_type": "minecraft:wither_skeleton",
                    "inverted": true
                  },
                  {
                    "type": "origins:entity_type",
                    "entity_type": "minecraft:stray",
                    "inverted": true
                  }
                ]
              }
            },
            {
              "type": "origins:actor_condition",
              "condition": {
                "type": "origins:and",
                "conditions": [
                  {
                    "type": "origins:on_fire"
                  },
                  {
                    "type": "origins:status_effect",
                    "effect": "minecraft:fire_resistance",
                    "inverted": true
                  }
                ]
              }
            }
          ]
        },
        {
          "type": "origins:actor_condition",
          "condition": {
            "type": "origins:and",
            "conditions": [
              {
                "type": "origins:resource",
                "compare_to": 0,
                "comparison": "==",
                "resource": "*:*_cooldown"
              },
              {
                "type": "origins:sneaking",
                "inverted": true
              },
              {
                "type": "origins:resource",
                "compare_to": 0,
                "comparison": "==",
                "resource": "luna:phantom/crimson_return_died"
              }
            ]
          }
        }
      ]
    }
  },
  "gain_creeper": {
    "type": "origins:action_on_entity_use",
    "bientity_condition": {
      "type": "origins:and",
      "conditions": [
        {
          "type": "origins:target_condition",
          "condition": {
            "type": "origins:entity_type",
            "entity_type": "minecraft:creeper"
          }
        },
        {
          "type": "origins:actor_condition",
          "condition": {
            "type": "origins:and",
            "conditions": [
              {
                "type": "origins:resource",
                "compare_to": 0,
                "comparison": "==",
                "resource": "*:*_cooldown"
              },
              {
                "type": "origins:resource",
                "compare_to": 0,
                "comparison": "==",
                "resource": "luna:phantom/crimson_return_died"
              }
            ]
          }
        }
      ]
    },
    "bientity_action": {
      "type": "origins:and",
      "actions": [
        {
          "type": "origins:actor_action",
          "action": {
            "type": "origins:and",
            "actions": [
              {
                "type": "origins:explode",
                "create_fire": false,
                "damage_self": true,
                "destruction_type": "none",
                "power": 2
              },
              {
                "type": "origins:execute_command",
                "command": "particle minecraft:explosion ~ ~1 ~ 1 1 1 1 10"
              },
              {
                "type": "origins:play_sound",
                "sound": "minecraft:entity.generic.explode",
                "category": "master",
                "pitch": 1,
                "volume": 1
              },
              {
                "type": "origins:grant_advancement",
                "advancement": "luna:crimson/crimson_leech_creeper"
              },
              {
                "type": "origins:change_resource",
                "resource": "*:*_blood",
                "change": 20,
                "operation": "add"
              },
              {
                "type": "origins:trigger_cooldown",
                "power": "*:*_cooldown"
              },
              {
                "type": "origins:feed",
                "food": 6,
                "saturation": 0.6
              }
            ]
          }
        }
      ]
    }
  },
  "gain_wither": {
    "type": "origins:action_on_entity_use",
    "bientity_condition": {
      "type": "origins:and",
      "conditions": [
        {
          "type": "origins:target_condition",
          "condition": {
            "type": "origins:entity_type",
            "entity_type": "minecraft:wither"
          }
        },
        {
          "type": "origins:actor_condition",
          "condition": {
            "type": "origins:and",
            "conditions": [
              {
                "type": "origins:resource",
                "compare_to": 0,
                "comparison": "==",
                "resource": "*:*_cooldown"
              },
              {
                "type": "origins:resource",
                "compare_to": 0,
                "comparison": "==",
                "resource": "luna:phantom/crimson_return_died"
              }
            ]
          }
        }
      ]
    },
    "bientity_action": {
      "type": "origins:and",
      "actions": [
        {
          "type": "origins:actor_action",
          "action": {
            "type": "origins:and",
            "actions": [
              {
                "type": "origins:grant_advancement",
                "advancement": "luna:crimson/crimson_leech_wither"
              },
              {
                "type": "origins:execute_command",
                "command": "kill @s"
              }
            ]
          }
        }
      ]
    }
  },
  "gain_wither_skeleton": {
    "type": "origins:action_on_entity_use",
    "bientity_condition": {
      "type": "origins:and",
      "conditions": [
        {
          "type": "origins:target_condition",
          "condition": {
            "type": "origins:entity_type",
            "entity_type": "minecraft:wither_skeleton"
          }
        },
        {
          "type": "origins:actor_condition",
          "condition": {
            "type": "origins:and",
            "conditions": [
              {
                "type": "origins:resource",
                "compare_to": 0,
                "comparison": "==",
                "resource": "*:*_cooldown"
              },
              {
                "type": "origins:resource",
                "compare_to": 0,
                "comparison": "==",
                "resource": "luna:phantom/crimson_return_died"
              }
            ]
          }
        }
      ]
    },
    "bientity_action": {
      "type": "origins:and",
      "actions": [
        {
          "type": "origins:actor_action",
          "action": {
            "type": "origins:and",
            "actions": [
              {
                "type": "origins:apply_effect",
                "effect": { "effect": "minecraft:wither", "duration": 100 }
              },
              {
                "type": "origins:grant_advancement",
                "advancement": "luna:crimson/crimson_leech_wither_skeleton"
              },
              {
                "type": "origins:trigger_cooldown",
                "power": "*:*_cooldown"
              }
            ]
          }
        }
      ]
    }
  },
  "drain": {
    "type": "origins:action_over_time",
    "interval": 400,
    "entity_action": {
      "type": "origins:change_resource",
      "change": -2,
      "resource": "*:*_blood"
    },
    "condition": {
      "type": "origins:and",
      "conditions": [
        {
          "type": "origins:status_effect",
          "effect": "minecraft:saturation",
          "inverted": true
        },
        {
          "type": "origins:moving"
        },
        {
          "type": "origins:resource",
          "compare_to": 0,
          "comparison": "==",
          "resource": "luna:phantom/crimson_return_died"
        }
      ]
    }
  },
  "cooldown": {
    "type": "origins:cooldown",
    "cooldown": 60,
    "hud_render": {
      "bar_index": 3,
      "should_render": true
    }
  },
  "no_blood_damage": {
    "type": "origins:damage_over_time",
    "damage": 2,
    "interval": 20,
    "damage_source": {
      "bypasses_armor": true,
      "unblockable": true,
      "out_of_world": true,
      "name": "out_of_blood"
    },
    "condition": {
      "type": "origins:resource",
      "compare_to": 0,
      "comparison": "==",
      "resource": "*:*_blood"
    }
  },
  "twenty_blood_on_respawn": {
    "type": "origins:action_on_callback",
    "entity_action_respawned": {
      "type": "origins:change_resource",
      "change": 20,
      "operation": "set",
      "resource": "*:*_blood"
    }
  },
  "admin": {
    "type": "origins:action_over_time",
    "interval": 10,
    "entity_action": {
      "type": "origins:change_resource",
      "change": 100,
      "operation": "set",
      "resource": "*:*_blood"
    },
    "condition": {
      "type": "origins:resource",
      "compare_to": 1,
      "comparison": "==",
      "resource": "*:*_admin_resource"
    }
  },
  "admin_resource": {
    "type": "origins:resource",
    "max": 1,
    "min": 0
  }
}
