{
  "name": "Night Dweller",
  "description": "You strive in the night time, Feast upon your pray before day.",
  "type": "origins:multiple",
  "night_buffs": {
    "type": "origins:action_over_time",
    "interval": 10,
    "entity_action": {
      "type": "origins:and",
      "actions": [
        {
          "type": "origins:apply_effect",
          "effects": [
            {
              "duration": 40,
              "effect": "minecraft:strength",
              "amplifier": 1,
              "show_icon": true,
              "show_particles": false
            },
            {
              "duration": 40,
              "effect": "minecraft:speed",
              "amplifier": 1,
              "show_icon": true,
              "show_particles": false
            },
            {
              "duration": 100,
              "effect": "minecraft:regeneration",
              "amplifier": 1,
              "show_icon": true,
              "show_particles": false
            }
          ]
        }
      ]
    },
    "condition": {
      "type": "origins:daytime",
      "inverted": true
    }
  },
  "night_vision": {
    "type": "origins:night_vision",
    "strength": 1,
    "condition": {
      "type": "origins:daytime",
      "inverted": true
    }
  }
}
