{
  "type": "origins:multiple",
  "charm": {
    "type": "origins:active_self",
    "key": { "key": "key.saveToolbarActivator" },
    "hud_render": { "should_render": true },
    "cooldown": 100,
    "entity_action": {
      "type": "origins:chance",
      "chance": 0.75,
      "action": {
        "type": "origins:area_of_effect",
        "radius": 8,
        "bientity_action": {
          "type": "origins:and",
          "actions": [
            {
              "type": "origins:actor_action",
              "action": {
                "type": "origins:apply_effect",
                "effects": [
                  {
                    "effect": "minecraft:resistance",
                    "duration": 1200,
                    "show_icon": true,
                    "show_particles": true
                  }
                ]
              }
            },
            {
              "type": "origins:target_action",
              "action": {
                "type": "origins:apply_effect",
                "effects": [
                  {
                    "effect": "minecraft:weakness",
                    "duration": 600,
                    "amplifier": 1,
                    "show_icon": true,
                    "show_particles": true
                  }
                ]
              }
            }
          ]
        }
      }
    }
  }
}
