{
  "type": "origins:multiple",
  "dark_pulse": {
    "type": "origins:active_self",
    "cooldown": 100,
    "entity_action": {
      "type": "origins:and",
      "actions": [
        {
          "type": "origins:add_velocity",
          "space": "local",
          "z": 1
        },
        {
          "type": "origins:area_of_effect",
          "radius": 4,
          "shape": "sphere",
          "bientity_action": {
            "type": "origins:target_action",
            "action": {
              "type": "origins:damage",
              "amount": 20,
              "source": {
                "bypasses_armor": false,
                "magic": true,
                "unblockable": true,
                "name": "dark_pulse"
              }
            }
          }
        },
        {
          "type": "origins:execute_command",
          "command": "particle minecraft:dust_color_transition 0.898 0.082 0.243 2 0.157 0.094 0.122 ~ ~ ~ 1 1 1 .1 100"
        }
      ]
    },
    "hud_render": { "should_render": true },
    "key": {
      "key": "key.saveToolbarActivator"
    }
  }
}
