{
  "type": "origins:multiple",
  "double_edge": {
    "type": "origins:attribute",
    "modifier": {
      "attribute": "minecraft:generic.attack_damage",
      "operation": "addition",
      "value": 20
    }
  },
  "on_hit": {
    "type": "origins:action_on_hit",
    "bientity_action": {
      "type": "origins:actor_action",
      "action": {
        "type": "origins:and",
        "actions": [
          {
            "type": "origins:damage",
            "amount": 5,
            "source": {
              "bypasses_armor": true,
              "magic": true,
              "unblockable": true,
              "name": "double_edge"
            }
          },
          {
            "type": "origins:execute_command",
            "command": "particle dust_color_transition 0.957 0.357 0.180 2 1.000 0.984 1.000 ~ ~ ~ 1 1 1 1 100 normal"
          }
        ]
      }
    },
    "damage_condition": {
      "type": "origins:name",
      "inverted": true,
      "name": "thorns"
    }
  }
}
