{
  "name": "RTP (Random Teleport)",
  "description": "You are able to randomly teleport.\nYou sometimes teleport when hit.\nProjectiles cannot harm you.\n You can see attackers after theyve hit you.",
  "type": "origins:multiple",
  "badges": [
    {
      "type": "origins:tooltip",
      "sprite": "origins:textures/gui/badge/info.png",
      "text": "This power only works when it is toggled!"
    },
    {
      "type": "origins:keybind",
      "sprite": "origins:textures/gui/badge/toggle.png",
      "text": "Toggle with [Secondary]"
    }
  ],
  "toggle": {
    "type": "origins:toggle",
    "active_by_default": true,
    "key": {
      "key": "key.origins.secondary_active"
    }
  },
  "rtp_when_hit": {
    "type": "origins:modify_damage_taken",
    "bientity_action": {
      "type": "origins:and",
      "actions": [
        {
          "type": "origins:target_action",
          "action": {
            "type": "origins:if_else_list",
            "actions": [
              {
                "action": {
                  "type": "origins:and",
                  "actions": [
                    {
                      "type": "origins:play_sound",
                      "sound": "minecraft:item.chorus_fruit.teleport",
                      "volume": 1,
                      "pitch": 1
                    },
                    {
                      "type": "origins:execute_command",
                      "command": "spreadplayers ~ ~ 8 16 under 127 false @s"
                    },
                    {
                      "type": "origins:execute_command",
                      "command": "particle minecraft:portal ~ ~0.4 ~ 0.3 0.6 0.3 0 100 normal"
                    },
                    {
                      "type": "origins:change_resource",
                      "resource": "*:*_rtp_bar",
                      "change": -1,
                      "operation": "add"
                    },
                    {
                      "type": "origins:trigger_cooldown",
                      "power": "*:*_cooldown"
                    }
                  ]
                },
                "condition": {
                  "type": "origins:and",
                  "conditions": [
                    {
                      "type": "origins:dimension",
                      "dimension": "minecraft:the_nether"
                    },
                    {
                      "type": "origins:resource",
                      "compare_to": 1,
                      "comparison": "==",
                      "resource": "*:*_rtp_bar"
                    },
                    {
                      "type": "origins:resource",
                      "compare_to": 0,
                      "comparison": "==",
                      "resource": "*:*_cooldown"
                    }
                  ]
                }
              },
              {
                "action": {
                  "type": "origins:and",
                  "actions": [
                    {
                      "type": "origins:play_sound",
                      "sound": "minecraft:item.chorus_fruit.teleport",
                      "volume": 1,
                      "pitch": 1
                    },
                    {
                      "type": "origins:execute_command",
                      "command": "spreadplayers ~ ~ 8 16 under 319 false @s"
                    },
                    {
                      "type": "origins:execute_command",
                      "command": "particle minecraft:portal ~ ~0.4 ~ 0.3 0.6 0.3 0 100 normal"
                    },
                    {
                      "type": "origins:change_resource",
                      "resource": "*:*_rtp_bar",
                      "change": -1,
                      "operation": "add"
                    },
                    {
                      "type": "origins:trigger_cooldown",
                      "power": "*:*_cooldown"
                    }
                  ]
                },
                "condition": {
                  "type": "origins:and",
                  "conditions": [
                    {
                      "type": "origins:in_block",
                      "block_condition": {
                        "type": "origins:height",
                        "compare_to": 62,
                        "comparison": ">="
                      }
                    },
                    {
                      "type": "origins:dimension",
                      "dimension": "minecraft:the_nether",
                      "inverted": true
                    },
                    {
                      "type": "origins:resource",
                      "compare_to": 1,
                      "comparison": "==",
                      "resource": "*:*_rtp_bar"
                    },
                    {
                      "type": "origins:resource",
                      "compare_to": 0,
                      "comparison": "==",
                      "resource": "*:*_cooldown"
                    }
                  ]
                }
              },
              {
                "action": {
                  "type": "origins:and",
                  "actions": [
                    {
                      "type": "origins:play_sound",
                      "sound": "minecraft:item.chorus_fruit.teleport",
                      "volume": 1,
                      "pitch": 1
                    },
                    {
                      "type": "origins:execute_command",
                      "command": "spreadplayers ~ ~ 8 16 under 62 false @s"
                    },
                    {
                      "type": "origins:execute_command",
                      "command": "particle minecraft:portal ~ ~0.4 ~ 0.3 0.6 0.3 0 100 normal"
                    },
                    {
                      "type": "origins:change_resource",
                      "resource": "*:*_rtp_bar",
                      "change": -1,
                      "operation": "add"
                    },
                    {
                      "type": "origins:trigger_cooldown",
                      "power": "*:*_cooldown"
                    }
                  ]
                },
                "condition": {
                  "type": "origins:and",
                  "conditions": [
                    {
                      "type": "origins:in_block",
                      "block_condition": {
                        "type": "origins:height",
                        "compare_to": 61,
                        "comparison": "<="
                      }
                    },
                    {
                      "type": "origins:resource",
                      "compare_to": 0,
                      "comparison": "==",
                      "resource": "*:*_cooldown"
                    },
                    {
                      "type": "origins:resource",
                      "compare_to": 1,
                      "comparison": "==",
                      "resource": "*:*_rtp_bar"
                    }
                  ]
                }
              }
            ]
          }
        }
      ]
    },
    "modifier": {
      "value": -1,
      "operation": "multiply_total"
    },
    "condition": {
      "type": "origins:and",
      "conditions": [
        {
          "type": "origins:power_active",
          "power": "*:*_toggle"
        },
        {
          "type": "origins:resource",
          "compare_to": 1,
          "comparison": "==",
          "resource": "*:*_rtp_bar"
        }
      ]
    },
    "damage_condition": {
      "type": "origins:and",
      "conditions": [
        {
          "type": "origins:name",
          "name": "onFire",
          "inverted": true
        },
        {
          "type": "origins:name",
          "name": "inFire",
          "inverted": true
        },
        {
          "type": "origins:name",
          "name": "fall",
          "inverted": true
        },
        {
          "type": "origins:projectile",
          "inverted": true
        },
        {
          "type": "origins:name",
          "name": "thorns",
          "inverted": true
        },
        {
          "type": "origins:name",
          "name": "hotFloor",
          "inverted": true
        },
        {
          "type": "origins:amount",
          "compare_to": 1,
          "comparison": ">"
        },
        {
          "type": "origins:name",
          "name": "magic",
          "inverted": true
        }
      ]
    }
  },
  "evade_projectiles": {
    "type": "origins:modify_damage_taken",
    "bientity_action": {
      "type": "origins:and",
      "actions": [
        {
          "type": "origins:target_action",
          "action": {
            "type": "origins:if_else_list",
            "actions": [
              {
                "action": {
                  "type": "origins:and",
                  "actions": [
                    {
                      "type": "origins:play_sound",
                      "sound": "minecraft:item.chorus_fruit.teleport",
                      "volume": 1,
                      "pitch": 1
                    },
                    {
                      "type": "origins:execute_command",
                      "command": "spreadplayers ~ ~ 8 16 under 127 false @s"
                    },
                    {
                      "type": "origins:execute_command",
                      "command": "particle minecraft:portal ~ ~0.4 ~ 0.3 0.6 0.3 0 100 normal"
                    }
                  ]
                },
                "condition": {
                  "type": "origins:dimension",
                  "dimension": "minecraft:the_nether"
                }
              },
              {
                "action": {
                  "type": "origins:and",
                  "actions": [
                    {
                      "type": "origins:play_sound",
                      "sound": "minecraft:item.chorus_fruit.teleport",
                      "volume": 1,
                      "pitch": 1
                    },
                    {
                      "type": "origins:execute_command",
                      "command": "spreadplayers ~ ~ 8 16 under 319 false @s"
                    },
                    {
                      "type": "origins:execute_command",
                      "command": "particle minecraft:portal ~ ~0.4 ~ 0.3 0.6 0.3 0 100 normal"
                    }
                  ]
                },
                "condition": {
                  "type": "origins:and",
                  "conditions": [
                    {
                      "type": "origins:in_block",
                      "block_condition": {
                        "type": "origins:height",
                        "compare_to": 62,
                        "comparison": ">="
                      }
                    },
                    {
                      "type": "origins:dimension",
                      "dimension": "minecraft:the_nether",
                      "inverted": true
                    }
                  ]
                }
              },
              {
                "action": {
                  "type": "origins:and",
                  "actions": [
                    {
                      "type": "origins:play_sound",
                      "sound": "minecraft:item.chorus_fruit.teleport",
                      "volume": 1,
                      "pitch": 1
                    },
                    {
                      "type": "origins:execute_command",
                      "command": "spreadplayers ~ ~ 8 16 under 62 false @s"
                    },
                    {
                      "type": "origins:execute_command",
                      "command": "particle minecraft:portal ~ ~0.4 ~ 0.3 0.6 0.3 0 100 normal"
                    }
                  ]
                },
                "condition": {
                  "type": "origins:and",
                  "conditions": [
                    {
                      "type": "origins:in_block",
                      "block_condition": {
                        "type": "origins:height",
                        "compare_to": 61,
                        "comparison": "<="
                      }
                    }
                  ]
                }
              }
            ]
          }
        }
      ]
    },
    "damage_condition": {
      "type": "origins:projectile"
    },
    "modifier": {
      "value": -1,
      "operation": "multiply_total"
    },
    "condition": {
      "type": "origins:power_active",
      "power": "*:*_toggle"
    }
  },
  "projectile_immune": {
    "type": "origins:modify_damage_taken",
    "modifier": {
      "value": -1,
      "operation": "multiply_total"
    },
    "damage_condition": {
      "type": "origins:projectile"
    },
    "condition": { "type": "origins:power_active", "power": "*:*_toggle" }
  },
  "cooldown": {
    "type": "origins:cooldown",
    "cooldown": 10
  },
  "rtp_bar": {
    "type": "origins:resource",
    "max": 1,
    "min": 0
  },
  "chance": {
    "type": "origins:self_action_when_hit",
    "entity_action": {
      "type": "origins:chance",
      "chance": 0.3,
      "action": {
        "type": "origins:change_resource",
        "resource": "*:*_rtp_bar",
        "change": 1
      }
    }
  }
}
