{
  "type": "origins:active_self",
  "name": "Grapple",
  "description": "The grapple is great for getting to hard to reach places quickly. It can also be used to pull enemies closer.",
  "entity_action": {
    "type": "origins:raycast",
    "distance": 40,
    "block": true,
    "entity": true,
    "shape_type": "collider",
    "fluid_handling": "any",
    "bientity_action": {
      "type": "origins:target_action",
      "action": {
        "type": "origins:add_velocity",
        "z": -3,
        "space": "local",
        "set": true
      }
    },
    "hit_action": {
      "type": "origins:and",
      "actions": [
        {
          "type": "origins:add_velocity",
          "z": 3,
          "y": 0.3,
          "space": "local",
          "set": true
        },
        {
          "type": "origins:play_sound",
          "sound": "minecraft:block.netherite_block.place",
          "volume": 4,
          "pitch": 1
        },
        {
          "type": "origins:apply_effect",
          "effect": {
            "effect": "minecraft:slow_falling",
            "duration": 10,
            "amplifier": 0
          }
        }
      ]
    },
    "command_at_hit": "particle minecraft:spore_blossom_air ~ ~ ~ 0.1 0.1 0.0 1 6 normal @a",
    "command_along_ray": "particle minecraft:dust 0.173 0.490 0.094 1 ~ ~ ~ 0.1 0.1 0.0 1 6 normal @a",
    "command_step": 1,
    "command_along_ray_only_on_hit": false
  },
  "cooldown": 20,
  "hud_render": {
    "should_render": true
  },
  "key": {
    "key": "key.origins.primary_active"
  }
}
