{
  "name": "Passive Abilities",
  "description": "Your stormy nature provides you with an immunity to fall damage, and of course, lightning. You also have 3 less hearts.",
  "type": "origins:multiple",
  "immunities": {
    "type": "origins:modify_damage_taken",
    "damage_condition": {
      "type": "origins:or",
      "conditions": [
        { "type": "origins:name", "name": "lightningBolt" },
        { "type": "origins:name", "name": "fall" },
        { "type": "origins:name", "name": "onFire" },
        { "type": "origins:name", "name": "inFire" }
      ]
    },
    "modifier": {
      "name": "reduction",
      "value": -1,
      "operation": "multiply_total_multiplicative"
    }
  },
  "lesshp": {
    "type": "origins:attribute",
    "modifier": [
      {
        "attribute": "minecraft:generic.max_health",
        "operation": "addition",
        "value": -3
      }
    ]
  },
  "origin_counter": {
    "type": "origins:action_on_callback",
    "entity_action_chosen": {
      "type": "origins:and",
      "actions": [
        {
          "type": "origins:execute_command",
          "command": "scoreboard players add Stormweaver Origin 1"
        }
      ]
    },
    "entity_action_lost": {
      "type": "origins:and",
      "actions": [
        {
          "type": "origins:execute_command",
          "command": "scoreboard players remove Stormweaver Origin 1"
        }
      ]
    }
  }
}
