{
  "name": "Static Loss",
  "description": "You can lose Static multiple different ways. These include being in water, taking damage, and using your abilities.",
  "type": "origins:multiple",
  "water": {
    "condition": {
      "type": "origins:fluid_height",
      "comparison": ">",
      "fluid": "minecraft:water",
      "compare_to": 0.0
    },
    "type": "origins:action_over_time",
    "interval": 20,
    "entity_action": {
      "type": "origins:change_resource",
      "change": -2,
      "operation": "add",
      "resource": "*:sw/static_resource"
    }
  },
  "whenhit": {
    "type": "origins:attacker_action_when_hit",
    "cooldown": 60,
    "entity_action": {
      "type": "origins:damage",
      "amount": 3,
      "source": {
        "name": "discharge"
      }
    }
  },
  "whenhits": {
    "type": "origins:action_when_hit",
    "bientity_action": {
      "type": "origins:target_action",
      "action": {
        "type": "origins:change_resource",
        "operation": "add",
        "change": -3,
        "resource": "*:sw/static_resource"
      }
    },
    "bientity_condition": {
      "type": "origins:target_condition",
      "condition": { "type": "origins:living" }
    },
    "cooldown": 60
  }
}
