{
  "powers": [
    "button:button_lord/button",
    "button:button_lord/phase_one/button_one",
    "button:button_lord/phase_one/button_two",
    "button:button_lord/phase_one/button_three",
    "button:button_lord/phase_one/button_four",
    "button:button_lord/phase_one/button_five",
    "button:button_lord/phase_one/button_six",
    "button:button_lord/phase_one/button_seven"
  ],
  "icon": {
    "item": "minecraft:oak_button",
    "tag": "{Enchantments:[{}]}"
  },
  "unchoosable": true,
  "order": 9,
  "impact": 3,
  "name": "The Button Lord",
  "description": "Long ago, 7 buttons were created by the Button Lord. He is here to reclaim them."
}
