{
  "type": "origins:multiple",
  "name": "Ender Rage",
  "description": "Go into a rage like state, spawning clones that aid you in battle.",
  "rage": {
    "type": "origins:active_self",
    "key": {
      "key": "key.saveToolbarActivator"
    },
    "cooldown": 6000,
    "hud_render": {
      "should_render": true,
      "sprite_location": "origins:textures/gui/community/spiderkolo/resource_bar_02.png",
      "bar_index": 1
    },
    "entity_action": {
      "type": "origins:and",
      "actions": [
        {
          "type": "origins:apply_effect",
          "effects": [
            {
              "effect": "strength",
              "amplifier": 1,
              "duration": 1500
            },
            {
              "effect": "resistance",
              "duration": 1000
            },
            {
              "effect": "speed",
              "amplifier": 1,
              "duration": 2000
            }
          ]
        },
        {
          "type": "proviorigins:summon_clone",
          "can_sit": true,
          "can_attack": true,
          "follow_owner": true,
          "inherit_equipment": true,
          "inherit_enchantments": true
        },
        {
          "type": "proviorigins:summon_clone",
          "can_sit": true,
          "can_attack": true,
          "follow_owner": true,
          "inherit_equipment": true,
          "inherit_enchantments": true
        },
        {
          "type": "proviorigins:summon_clone",
          "can_sit": true,
          "can_attack": true,
          "follow_owner": true,
          "inherit_equipment": true,
          "inherit_enchantments": true
        },
        {
          "type": "origins:execute_command",
          "command": "playsound minecraft:entity.enderman.scream player @a[distance=..10] ~ ~ ~ 10 .8"
        },
        {
          "type": "origins:change_resource",
          "change": 1,
          "resource": "*:*_shader_counter"
        },
        {
          "type": "origins:delay",
          "ticks": 2010,
          "action": {
            "type": "origins:and",
            "actions": [
              {
                "type": "origins:apply_effect",
                "effects": [
                  { "effect": "slowness", "duration": 100, "amplifier": 1 },
                  {
                    "effect": "nausea",
                    "duration": 160
                  }
                ]
              },
              {
                "type": "origins:change_resource",
                "change": -1,
                "resource": "*:*_shader_counter"
              }
            ]
          }
        }
      ]
    }
  },
  "shader_counter": {
    "type": "origins:resource",
    "min": 0,
    "max": 1,
    "hud_render": {
      "should_render": false
    }
  },
  "shader": {
    "type": "origins:shader",
    "shader": "minecraft:shaders/post/deconverge.json",
    "toggleable": false,
    "condition": {
      "type": "origins:resource",
      "compare_to": 1,
      "comparison": "==",
      "resource": "*:*_shader_counter"
    }
  }
}
