{
  "name": "Teleport",
  "description": "You can Throw an ender pearl.",
  "badges": [
    {
      "type": "apoli:tooltip",
      "sprite": "origins:textures/gui/badge/info.png",
      "text": "This power has Longer charge times outside of End."
    }
  ],
  "type": "origins:multiple",
  "epearl_end": {
    "type": "origins:fire_projectile",
    "cooldown": 30,
    "key": {
      "key": "primary",
      "continuous": false
    },
    "hud_render": {
      "bar_index": 6,
      "condition": {
        "type": "origins:dimension",
        "dimension": "minecraft:the_end"
      }
    },
    "condition": {
      "type": "origins:and",
      "conditions": [
        {
          "type": "origins:dimension",
          "dimension": "minecraft:the_end"
        },
        {
          "type": "origins:in_block",
          "inverted": true,
          "block_condition": {
            "type": "origins:offset",
            "condition": {
              "type": "origins:movement_blocking"
            },
            "y": 1
          }
        }
      ]
    },
    "entity_type": "origins:enderian_pearl",
    "sound": "minecraft:entity.ender_pearl.throw",
    "speed": 1.5,
    "divergence": 1
  },
  "epearl_not_end": {
    "type": "origins:fire_projectile",
    "cooldown": 160,
    "key": {
      "key": "primary",
      "continuous": false
    },
    "hud_render": {
      "bar_index": 6,
      "condition": {
        "type": "origins:dimension",
        "inverted": true,
        "dimension": "minecraft:the_end"
      }
    },
    "condition": {
      "type": "origins:and",
      "conditions": [
        {
          "type": "origins:dimension",
          "inverted": true,
          "dimension": "minecraft:the_end"
        },
        {
          "type": "origins:in_block",
          "inverted": true,
          "block_condition": {
            "type": "origins:offset",
            "condition": {
              "type": "origins:movement_blocking"
            },
            "y": 1
          }
        }
      ]
    },
    "entity_type": "origins:enderian_pearl",
    "sound": "minecraft:entity.ender_pearl.throw",
    "speed": 1.5,
    "divergence": 1
  }
}
