{
  "type": "origins:multiple",
  "name": "Concussive Blast",
  "description": "The Artificer can create an explosion around itself which can stun enemys",
  "explode_jump": {
    "type": "origins:active_self",
    "key": {
      "key": "secondary"
    },
    "entity_action": {
      "type": "origins:and",
      "actions": [
        {
          "type": "origins:add_velocity",
          "y": 0.5,
          "space": "local"
        },
        {
          "type": "origins:apply_effect",
          "effect": {
            "effect": "slow_falling",
            "duration": 10,
            "show_icon": true
          }
        },
        {
          "type": "origins:execute_command",
          "command": "particle minecraft:explosion ~ ~ ~ 1 1 1 1 10"
        },
        {
          "type": "origins:play_sound",
          "sound": "minecraft:entity.generic.explode",
          "category": "master",
          "pitch": 1,
          "volume": 1
        },
        {
          "type": "origins:area_of_effect",
          "radius": 5,
          "bientity_action": {
            "type": "origins:target_action",
            "action": {
              "type": "origins:apply_effect",
              "effects": [
                {
                  "effect": "weakness",
                  "duration": 100
                },
                {
                  "effect": "slowness",
                  "duration": 100
                },
                {
                  "effect": "blindness",
                  "duration": 100
                }
              ]
            }
          }
        },
        {
          "type": "origins:change_resource",
          "change": 20,
          "operation": "add",
          "resource": "*:artificer/artificer_explode_resource"
        },
        {
          "type": "origins:execute_command",
          "command": "particle dust_color_transition 0.000 0.000 0.000 2 0.439 0.408 0.408 ~ ~ ~ 2 2 2 1 100 normal"
        },
        {
          "type": "origins:explode",
          "create_fire": false,
          "damage_self": true,
          "destruction_type": "none",
          "power": 2
        }
      ]
    }
  }
}
