{
  "name": "Explosives Expert",
  "description": "You can make TNT easier",
  "type": "origins:multiple",
  "make_easier_tnt": {
    "type": "origins:recipe",
    "recipe": {
      "id": "artificer:tnt",
      "type": "minecraft:crafting_shaped",
      "pattern": ["XC", "CX"],
      "key": {
        "X": {
          "item": "minecraft:gunpowder"
        },
        "C": {
          "item": "minecraft:paper"
        }
      },
      "result": {
        "item": "minecraft:tnt"
      }
    }
  }
}
