{
  "type": "origins:multiple",
  "name": "Water Troubles",
  "description": "Water is extremely dangerous to you.",
  "damage_underwater": {
    "type": "origins:damage_over_time",
    "interval": 20,
    "onset_delay": 60,
    "damage": 4,
    "damage_source": {
      "name": "hurt_by_water",
      "unblockable": true,
      "bypasses_armor": true
    },
    "protection_enchantment": "origins:water_protection",
    "protection_effectiveness": 1.0,
    "condition": {
      "type": "origins:or",
      "conditions": [
        {
          "type": "origins:submerged_in",
          "fluid": "minecraft:water"
        }
      ]
    }
  }
}
