{
  "name": "Cloak",
  "description": "Cloak yourself for a few seconds, making you near invisible",
  "type": "origins:multiple",
  "translucency": {
    "type": "origins:model_color",
    "alpha": 0.05,
    "condition": {
      "type": "origins:resource",
      "resource": "*:*_cloak_activate",
      "comparison": ">=",
      "compare_to": 20
    }
  },
  "flicker": {
    "type": "origins:model_color",
    "alpha": 0.5,
    "condition": {
      "type": "origins:resource",
      "resource": "*:*_cloak_activate",
      "comparison": ">=",
      "compare_to": 5
    }
  },
  "flicker_1": {
    "type": "origins:model_color",
    "alpha": 0.7,
    "condition": {
      "type": "origins:resource",
      "resource": "*:*_cloak_activate",
      "comparison": ">=",
      "compare_to": 10
    }
  },
  "flicker_2": {
    "type": "origins:model_color",
    "alpha": 0.3,
    "condition": {
      "type": "origins:resource",
      "resource": "*:*_cloak_activate",
      "comparison": ">=",
      "compare_to": 15
    }
  },
  "cloak_activate": {
    "type": "origins:resource",
    "max": 800,
    "min": 0
  }
}
