{
  "name": "Arc Grenade",
  "description": "When activated, the Arc Grenade explodes in a blast of Arc energy",
  "type": "origins:multiple",
  "arc": {
    "type": "origins:fire_projectile",
    "entity_type": "minecraft:small_fireball",
    "cooldown": 400,
    "hud_render": {
      "should_render": true
    },
    "tag": "{Item:{id:\"minecraft:andesite\",Count:1b}}",
    "projectile_action": {
      "type": "origins:delay",
      "ticks": 50,
      "action": {
        "type": "origins:and",
        "actions": [
          {
            "type": "origins:area_of_effect",
            "radius": 6,
            "shape": "sphere",
            "bientity_action": {
              "type": "origins:target_action",
              "action": {
                "type": "origins:apply_effect",
                "effects": [
                  {
                    "effect": "minecraft:blindness",
                    "duration": 60,
                    "amplifier": 2
                  },
                  {
                    "effect": "minecraft:slowness",
                    "duration": 60,
                    "amplifier": 2
                  }
                ]
              }
            }
          },
          {
            "type": "origins:execute_command",
            "command": "particle minecraft:electric_spark ~ ~ ~ 2 2 2 .01 100 force"
          },
          {
            "type": "origins:execute_command",
            "command": "particle minecraft:explosion ~ ~ ~ 1 1 1 1 10"
          },
          {
            "type": "origins:execute_command",
            "command": "playsound minecraft:entity.generic.explode master @s ~ ~ ~ 100 1"
          }
        ]
      },
      "key": {
        "key": "secondary",
        "continuous": true
      }
    }
  }
}
