{
  "display": {
    "title": {
      "text": "That was really stupid"
    },
    "description": {
      "text": "Did you not learn your lesson the first time?"
    },
    "icon": {
      "item": "minecraft:wither_skeleton_skull"
    },
    "frame": "challenge",
    "show_toast": true,
    "announce_to_chat": true,
    "hidden": true
  },
  "criteria": {
    "leechedwither": {
      "trigger": "minecraft:impossible"
    }
  },
  "parent": "luna:crimson/crimson_leech_wither_skeleton"
}
