{
  "name": "Ender-Locked",
  "description": "Your body has adapted to the end alot more since you were originally locked in.",
  "type": "origins:multiple",
  "color": {
    "type": "origins:model_color",
    "red": 0.5,
    "green": 0.5,
    "blue": 0.5,
    "alpha": 1
  },
  "reach": {
    "type": "origins:attribute",
    "modifiers": [
      {
        "name": "Extra Reach block reach",
        "attribute": "reach-entity-attributes:reach",
        "value": 2,
        "operation": "addition"
      },
      {
        "name": "Extra Reach entity reach",
        "attribute": "reach-entity-attributes:attack_range",
        "value": 0.5,
        "operation": "addition"
      }
    ]
  },
  "height": {
    "type": "origins:action_on_callback",
    "execute_chosen_when_orb": true,
    "entity_action_chosen": {
      "type": "origins:execute_command",
      "command": "scale set pehkui:height 1.22 @s",
      "permission_level": 4
    },
    "entity_action_respawned": {
      "type": "origins:execute_command",
      "command": "scale set pehkui:height 1.22 @s",
      "permission_level": 4
    },
    "entity_action_added": {
      "type": "origins:execute_command",
      "command": "scale set pehkui:height 1.22 @s",
      "permission_level": 4
    },
    "entity_action_lost": {
      "type": "origins:execute_command",
      "command": "scale set pehkui:height 1 @s",
      "permission_level": 4
    },
    "entity_action_removed": {
      "type": "origins:execute_command",
      "command": "scale set pehkui:height 1 @s",
      "permission_level": 4
    }
  },
  "width": {
    "type": "origins:action_on_callback",
    "entity_action_chosen": {
      "type": "origins:execute_command",
      "command": "scale set pehkui:width 1.15 @s",
      "permission_level": 4
    },
    "entity_action_respawned": {
      "type": "origins:execute_command",
      "command": "scale set pehkui:width 1.15 @s",
      "permission_level": 4
    },
    "entity_action_added": {
      "type": "origins:execute_command",
      "command": "scale set pehkui:width 1.15 @s",
      "permission_level": 4
    },
    "entity_action_lost": {
      "type": "origins:execute_command",
      "command": "scale set pehkui:width 1 @s",
      "permission_level": 4
    },
    "entity_action_removed": {
      "type": "origins:execute_command",
      "command": "scale set pehkui:width 1 @s",
      "permission_level": 4
    }
  },
  "end_sight": {
    "type": "origins:night_vision",
    "strength": 0.7,
    "condition": {
      "type": "origins:dimension",
      "dimension": "minecraft:the_end"
    }
  },
  "water_damage": {
    "type": "origins:damage_over_time",
    "interval": 20,
    "onset_delay": 0,
    "damage": 2,
    "damage_easy": 1,
    "damage_source": {
      "name": "hurt_by_water",
      "unblockable": true,
      "bypasses_armor": true
    },
    "protection_enchantment": "origins:water_protection",
    "protection_effectiveness": 1,
    "condition": {
      "type": "origins:or",
      "conditions": [
        {
          "type": "origins:fluid_height",
          "fluid": "minecraft:water",
          "comparison": ">",
          "compare_to": 0.1
        },
        {
          "type": "origins:in_rain"
        }
      ]
    }
  },
  "silk_hands": {
    "type": "origins:modify_harvest",
    "allow": true,
    "block_condition": {
      "type": "origins:in_tag",
      "tag": "luna:silk_hands"
    },
    "condition": {
      "type": "origins:equipped_item",
      "equipment_slot": "mainhand",
      "item_condition": {
        "type": "origins:ingredient",
        "ingredient": {
          "item": "minecraft:air"
        }
      }
    }
  },
  "hit": {
    "type": "origins:action_when_damage_taken",
    "cooldown": 0,
    "entity_action": {
      "type": "origins:chance",
      "chance": 0.3,
      "action": {
        "type": "origins:play_sound",
        "sound": "minecraft:entity.enderman.hurt",
        "pitch": 0.8,
        "volume": 1
      }
    }
  },
  "see_attackers": {
    "type": "origins:entity_glow",
    "blue": 1,
    "red": 0.69019607843,
    "green": 0.35686274509,
    "use_teams": false,
    "bientity_condition": {
      "type": "origins:target_condition",
      "condition": {
        "type": "origins:power",
        "power": "luna:ender/attacked"
      }
    }
  },
  "projectile": {
    "type": "origins:modify_projectile_damage",
    "modifier": {
      "value": 4,
      "operation": "addition"
    }
  },
  "origin_counter": {
    "type": "origins:action_on_callback",
    "entity_action_chosen": {
      "type": "origins:and",
      "actions": [
        {
          "type": "origins:execute_command",
          "command": "scoreboard players add Enderian Origin 1"
        }
      ]
    },
    "entity_action_lost": {
      "type": "origins:and",
      "actions": [
        {
          "type": "origins:execute_command",
          "command": "scoreboard players remove Enderian Origin 1"
        }
      ]
    }
  }
}
