{
  "display": {
    "title": {
      "text": "Lunas Origins",
      "color": "light_purple",
      "bold": true
    },
    "description": {
      "text": "Advancements for my origins"
    },
    "icon": {
      "item": "minecraft:player_head",
      "nbt": "{SkullOwner:\"Lunaticol\"}"
    },
    "frame": "challenge",
    "show_toast": true,
    "announce_to_chat": false,
    "hidden": false,
    "background": "minecraft:textures/block/cherry_leaves.png"
  },
  "criteria": {
    "spawn": {
      "trigger": "minecraft:tick"
    }
  }
}
