{
  "name": "Jax is a skeleton",
  "description": "Built like a toothpick crumbles like a cookie",
  "type": "origins:multiple",
  "when_hit": {
    "type": "origins:action_when_damage_taken",
    "cooldown": 0,
    "entity_action": {
      "type": "origins:play_sound",
      "sound": "minecraft:entity.skeleton.hurt",
      "volume": 1,
      "pitch": 1,
      "category": "players"
    }
  },
  "death": {
    "type": "origins:action_when_damage_taken",
    "cooldown": 0,
    "entity_action": {
      "type": "origins:and",
      "actions": [
        {
          "type": "origins:chance",
          "chance": 0.5,
          "action": {
            "type": "origins:and",
            "actions": [
              {
                "type": "origins:execute_command",
                "command": "summon item ~ ~ ~ {Item:{id:\"minecraft:bone\",Count:3b}}"
              },
              {
                "type": "origins:execute_command",
                "command": "summon experience_orb ~ ~ ~ {Value:10}"
              }
            ]
          },
          "fail_action": {
            "type": "origins:and",
            "actions": [
              {
                "type": "origins:execute_command",
                "command": "summon item ~ ~ ~ {Item:{id:\"minecraft:bone\",Count:2b}}"
              },
              {
                "type": "origins:execute_command",
                "command": "summon experience_orb ~ ~ ~ {Value:10}"
              }
            ]
          }
        },
        {
          "type": "origins:play_sound",
          "sound": "minecraft:entity.skeleton.death",
          "volume": 1,
          "pitch": 1,
          "category": "players"
        }
      ]
    },
    "condition": {
      "type": "origins:health",
      "compare_to": 0,
      "comparison": "=="
    }
  }
}
