{
  "name": "Secret Abilities",
  "description": "add any powers if you want i suppose",
  "type": "origins:multiple",
  "jukebox": {
    "type": "origins:action_over_time",
    "interval": 1200,
    "condition": {
      "type": "apoli:block_in_radius",
      "block_condition": {
        "type": "origins:nbt",
        "nbt": "{IsPlaying:1b,RecordItem: {id:\"5\"},Count:1b}"
      },
      "radius": 16,
      "compare_to": 0,
      "comparison": ">"
    },
    "entity_action": { "type": "apoli:add_xp", "levels": 1 }
  }
}
