{
  "name": "Kit",
  "replace": false,
  "order": 8,
  "enabled": true,
  "origins": [
    {
      "condition": {
        "type": "origins:origin",
        "layer": "origins:origin",
        "origin": "luna:ronin"
      },
      "origins": [
        "luna:kits/ronin/highlander",
        "luna:kits/ronin/phase_reflex",
        "luna:kits/ronin/temporal_anomaly",
        "luna:kits/ronin/thunderstorm"
      ]
    },
    {
      "condition": {
        "type": "origins:origin",
        "layer": "origins:origin",
        "origin": "luna:scorch"
      },
      "origins": [
        "luna:kits/scorch/fuel_for_fire",
        "luna:kits/scorch/inferno_shield",
        "luna:kits/scorch/scorched_earth",
        "luna:kits/scorch/tempered_plating",
        "luna:kits/scorch/wildfire_launcher"
      ]
    },
    {
      "condition": {
        "type": "origins:origin",
        "layer": "origins:origin",
        "origin": "luna:northstar"
      },
      "origins": [
        "luna:kits/northstar/enhancedpayload",
        "luna:kits/northstar/piercingshot",
        "luna:kits/northstar/threatoptics",
        "luna:kits/northstar/twintraps",
        "luna:kits/northstar/viperthrusters"
      ]
    }
  ]
}
