{
  "name": "Sub-Origin",
  "replace": false,
  "order": 2,
  "enabled": true,
  "allow_random": true,
  "exclude_random": [
    "luna:kitsune_classes/nether_kitsune",
    "luna:kitsune_classes/ender_kitsune",
    "luna:kitsune_classes/overworld_kitsune",
    "luna:solaris_form/base",
    "luna:solaris_form/neutron",
    "luna:solaris_form/blackhole",
    "luna:solaris_form/protostar"
  ],
  "origins": [
    {
      "condition": {
        "type": "origins:or",
        "conditions": [
          {
            "type": "origins:origin",
            "layer": "origins:origin",
            "origin": "luna:kitsune"
          },
          {
            "type": "origins:origin",
            "layer": "origins:origin",
            "origin": "luna:solaris"
          }
        ]
      },
      "origins": [
        "luna:kitsune_classes/nether_kitsune",
        "luna:kitsune_classes/ender_kitsune",
        "luna:kitsune_classes/overworld_kitsune",
        "luna:solaris_form/base",
        "luna:solaris_form/neutron",
        "luna:solaris_form/blackhole",
        "luna:solaris_form/protostar"
      ]
    },
    {
      "origins": [
        "luna:axolotl_classes/lucy_axolotl",
        "luna:axolotl_classes/wild_axolotl",
        "luna:axolotl_classes/gold_axolotl",
        "luna:axolotl_classes/cyan_axolotl",
        "luna:axolotl_classes/blue_axolotl",
        "luna:axolotl_classes/green_axolotl"
      ],
      "condition": {
        "type": "origins:origin",
        "layer": "origins:origin",
        "origin": "luna:axolotl"
      }
    },
    {
      "origins": [
        "luna:piglin/crimson",
        "luna:piglin/warped",
        "luna:piglin/wastes"
      ],
      "condition": {
        "type": "origins:origin",
        "layer": "origins:origin",
        "origin": "luna:piglin"
      }
    }
  ]
}
