{
  "name": "Titan Kit",
  "replace": false,
  "order": 9,
  "enabled": true,
  "origins": [
    {
      "condition": {
        "type": "origins:or",
        "conditions": [
          {
            "type": "origins:origin",
            "layer": "origins:origin",
            "origin": "luna:scorch"
          },
          {
            "type": "origins:origin",
            "layer": "origins:origin",
            "origin": "luna:ronin"
          },
          {
            "type": "origins:origin",
            "layer": "origins:origin",
            "origin": "luna:northstar"
          }
        ]
      },
      "origins": [
        "luna:titan_kits/counter_ready",
        "luna:titan_kits/nuclear_ejection",
        "luna:titan_kits/overcore",
        "luna:titan_kits/turbo_engine"
      ]
    }
  ]
}
