{
  "name": "Pulse Blade",
  "description": "Throw out a Pulse Blade to highlight mobs/players",
  "type": "origins:multiple",
  "pulse_blade": {
    "type": "origins:fire_projectile",
    "cooldown": 400,
    "key": {
      "key": "primary"
    },
    "hud_render": {
      "should_render": true
    },
    "entity_type": "minecraft:arrow",
    "tag": "{Glowing:1b,pickup:0b,crit:1b,Tags:[\"pulseblade\"]}"
  },
  "lefunction": {
    "type": "origins:active_self",
    "cooldown": 400,
    "entity_action": {
      "type": "origins:execute_command",
      "command": "/function originpilot:pulsebladescan"
    },
    "hud_render": {
      "should_render": false
    },
    "key": {
      "key": "primary"
    }
  }
}
