{
  "type": "origins:multiple",
  "laser": {
    "type": "origins:action_over_time",
    "interval": 200,
    "entity_action": {
      "type": "origins:chance",
      "chance": 0.7,
      "action": {
        "type": "origins:area_of_effect",
        "radius": 32,
        "shape": "sphere",
        "bientity_action": {
          "type": "origins:target_action",
          "action": {
            "type": "apoli:apply_effect",
            "effect": {
              "effect": "minecraft:slowness",
              "amplifier": 4,
              "duration": 100
            }
          }
        }
      }
    }
  }
}
