{
  "type": "origins:multiple",
  "shield": {
    "type": "origins:action_over_time",
    "interval": 400,
    "entity_action": {
      "type": "origins:chance",
      "chance": 0.6,
      "action": {
        "type": "origins:and",
        "actions": [
          {
            "type": "origins:delay",
            "ticks": 0,
            "action": {
              "type": "origins:and",
              "actions": [
                {
                  "type": "origins:explode",
                  "damage_self": false,
                  "power": 2,
                  "destruction_type": "none"
                },
                {
                  "type": "origins:execute_command",
                  "command": "particle minecraft:explosion ~ ~ ~ 1 1 1 1 10"
                },
                {
                  "type": "origins:play_sound",
                  "sound": "minecraft:entity.generic.explode",
                  "category": "master",
                  "pitch": 1,
                  "volume": 1
                }
              ]
            }
          },
          {
            "type": "origins:delay",
            "ticks": 20,
            "action": {
              "type": "origins:and",
              "actions": [
                {
                  "type": "origins:explode",
                  "damage_self": false,
                  "power": 2,
                  "destruction_type": "none"
                },
                {
                  "type": "origins:execute_command",
                  "command": "particle minecraft:explosion ~ ~ ~ 1 1 1 1 10"
                },
                {
                  "type": "origins:play_sound",
                  "sound": "minecraft:entity.generic.explode",
                  "category": "master",
                  "pitch": 1,
                  "volume": 1
                }
              ]
            }
          },
          {
            "type": "origins:delay",
            "ticks": 40,
            "action": {
              "type": "origins:and",
              "actions": [
                {
                  "type": "origins:explode",
                  "damage_self": false,
                  "power": 2,
                  "destruction_type": "none"
                },
                {
                  "type": "origins:execute_command",
                  "command": "particle minecraft:explosion ~ ~ ~ 1 1 1 1 10"
                },
                {
                  "type": "origins:play_sound",
                  "sound": "minecraft:entity.generic.explode",
                  "category": "master",
                  "pitch": 1,
                  "volume": 1
                }
              ]
            }
          },
          {
            "type": "origins:delay",
            "ticks": 60,
            "action": {
              "type": "origins:and",
              "actions": [
                {
                  "type": "origins:explode",
                  "damage_self": false,
                  "power": 2,
                  "destruction_type": "none"
                },
                {
                  "type": "origins:execute_command",
                  "command": "particle minecraft:explosion ~ ~ ~ 1 1 1 1 10"
                },
                {
                  "type": "origins:play_sound",
                  "sound": "minecraft:entity.generic.explode",
                  "category": "master",
                  "pitch": 1,
                  "volume": 1
                }
              ]
            }
          },
          {
            "type": "origins:delay",
            "ticks": 80,
            "action": {
              "type": "origins:and",
              "actions": [
                {
                  "type": "origins:explode",
                  "damage_self": false,
                  "power": 2,
                  "destruction_type": "none"
                },
                {
                  "type": "origins:execute_command",
                  "command": "particle minecraft:explosion ~ ~ ~ 1 1 1 1 10"
                },
                {
                  "type": "origins:play_sound",
                  "sound": "minecraft:entity.generic.explode",
                  "category": "master",
                  "pitch": 1,
                  "volume": 1
                }
              ]
            }
          }
        ]
      }
    }
  }
}
