{
  "type": "origins:multiple",
  "warden_trick": {
    "type": "origins:action_over_time",
    "interval": 1200,
    "entity_action": {
      "type": "origins:chance",
      "chance": 0.7,
      "action": {
        "type": "origins:and",
        "actions": [
          {
            "type": "origins:apply_effect",
            "effects": [
              {
                "effect": "minecraft:strength",
                "duration": 200,
                "amplifier": 1,
                "show_particles": false
              },
              {
                "effect": "minecraft:resistance",
                "duration": 200,
                "amplifier": 1,
                "show_particles": false
              }
            ]
          }
        ]
      }
    }
  }
}
