{
  "type": "origins:multiple",
  "spawn_mobs": {
    "type": "apugli:mobs_ignore",
    "mob_condition": {
      "type": "origins:or",
      "conditions": [
        {
          "type": "origins:entity_type",
          "entity_type": "minecraft:skeleton"
        },
        {
          "type": "origins:entity_type",
          "entity_type": "minecraft:zombie"
        }
      ]
    }
  },
  "spawn": {
    "type": "origins:action_over_time",
    "interval": 1000,
    "entity_action": {
      "type": "origins:chance",
      "chance": 0.5,
      "action": {
        "type": "origins:and",
        "actions": [
          {
            "type": "origins:delay",
            "ticks": 0,
            "action": {
              "type": "origins:execute_command",
              "command": "function button:right_hand_man/minion_kill"
            }
          },
          {
            "type": "origins:delay",
            "ticks": 1,
            "action": {
              "type": "origins:execute_command",
              "command": "function button:right_hand_man/mob"
            }
          }
        ]
      }
    }
  }
}
