{
  "hidden": true,
  "name": "",
  "description": "",
  "type": "origins:multiple",
  "kill": {
    "type": "origins:self_action_on_kill",
    "cooldown": 0,
    "entity_action": {
      "type": "origins:execute_command",
      "command": "scoreboard players add Kills:. kills 1"
    },
    "target_condition": {
      "type": "origins:and",
      "conditions": [
        {
          "type": "origins:command",
          "command": "execute if entity @s[team=Lava]",
          "comparison": "==",
          "compare_to": 1
        },
        {
          "type": "origins:entity_type",
          "entity_type": "minecraft:player"
        }
      ]
    }
  },
  "kill_not_playing": {
    "type": "origins:self_action_on_kill",
    "cooldown": 0,
    "entity_action": {
      "type": "origins:execute_command",
      "command": "scoreboard players remove Kills:. kills 1"
    },
    "target_condition": {
      "type": "origins:and",
      "conditions": [
        {
          "type": "origins:command",
          "command": "execute if entity @s[team=Lava]",
          "comparison": "==",
          "compare_to": 0
        },
        {
          "type": "origins:command",
          "command": "execute if entity @s[team=Acid]",
          "comparison": "==",
          "compare_to": 0
        },
        {
          "type": "origins:entity_type",
          "entity_type": "minecraft:player"
        }
      ]
    }
  },
  "add_team": {
    "type": "origins:action_on_callback",
    "entity_action_lost": {
      "type": "origins:execute_command",
      "command": "function teams:new_acid_target"
    },
    "entity_action_removed": {
      "type": "origins:execute_command",
      "command": "function teams:new_acid_target"
    },
    "condition": {
      "type": "origins:command",
      "command": "execute if entity @s[scores={kills=0}]",
      "comparison": "==",
      "compare_to": 1
    }
  },
  "target": {
    "type": "origins:self_action_on_kill",
    "cooldown": 0,
    "entity_action": {
      "type": "origins:execute_command",
      "command": "scoreboard players add Kills:. kills 4"
    },
    "target_condition": {
      "type": "origins:and",
      "conditions": [
        {
          "type": "origins:command",
          "command": "execute if entity @s[team=Lava]",
          "comparison": "==",
          "compare_to": 1
        },
        {
          "type": "origins:command",
          "command": "execute if entity @s[scores={kills=0}]",
          "comparison": "==",
          "compare_to": 1
        },
        {
          "type": "origins:entity_type",
          "entity_type": "minecraft:player"
        }
      ]
    }
  },
  "if_target": {
    "type": "origins:target_action_on_hit",
    "entity_action": {
      "type": "origins:execute_command",
      "command": "function teams:new_acid_target"
    },
    "condition": {
      "type": "origins:health",
      "compare_to": 0,
      "comparison": "=="
    },
    "target_condition": {
      "type": "origins:entity_type",
      "entity_type": "minecraft:player"
    }
  }
}
