{
  "type": "origins:multiple",
  "hider": {
    "type": "origins:self_glow",
    "blue": 1,
    "green": 0,
    "red": 0,
    "use_teams": false,
    "bientity_condition": {
      "type": "origins:and",
      "conditions": [
        {
          "type": "origins:can_see"
        },
        {
          "type": "origins:distance",
          "compare_to": 0,
          "comparison": ">"
        },
        {
          "type": "origins:target_condition",
          "condition": {
            "type": "origins:sneaking",
            "inverted": true
          }
        }
      ]
    }
  },
  "death": {
    "type": "origins:action_on_callback",
    "entity_action_respawned": {
      "type": "origins:execute_command",
      "command": "function hideandseek:hunter"
    }
  },
  "gear": {
    "type": "origins:starting_equipment",
    "recurrent": false,
    "stacks": [
      { "item": "minecraft:stone_sword" },
      { "item": "minecraft:cooked_beef", "amount": 64 }
    ]
  },
  "transparent": {
    "type": "origins:model_color",
    "alpha": 0.3,
    "blue": 0,
    "green": 0,
    "red": 0,
    "condition": {
      "type": "origins:sneaking"
    }
  }
}
