{
  "name": "Brotherly bond",
  "description": "You are able to summon your brother, the Warden.",
  "badges": [
    {
      "type": "origins:tooltip",
      "sprite": "origins:textures/gui/badge/star.png",
      "text": "Requires 100 EXP Levels"
    },
    {
      "type": "origins:tooltip",
      "sprite": "origins:textures/gui/badge/active.png",
      "text": "Uses Load Hotbar"
    }
  ],
  "type": "origins:multiple",
  "summoning": {
    "type": "origins:active_self",
    "key": "key.loadToolbarActivator",
    "cooldown": 12000,
    "entity_action": {
      "type": "origins:and",
      "actions": [
        {
          "type": "origins:add_xp",
          "levels": -100
        },
        {
          "type": "origins:play_sound",
          "sound": "minecraft:block.sculk_shrieker.shriek",
          "pitch": 1,
          "volume": 2,
          "category": "master"
        },
        {
          "type": "origins:area_of_effect",
          "radius": 16,
          "shape": "sphere",
          "bientity_action": {
            "type": "origins:target_action",
            "action": {
              "type": "origins:apply_effect",
              "effects": [
                {
                  "effect": "minecraft:slowness",
                  "duration": 100,
                  "amplifier": 9,
                  "show_particles": false,
                  "show_icon": true
                },
                {
                  "effect": "minecraft:weakness",
                  "duration": 100,
                  "amplifier": 9,
                  "show_particles": false,
                  "show_icon": true
                },
                {
                  "effect": "minecraft:darkness",
                  "duration": 100,
                  "amplifier": 9,
                  "show_particles": false,
                  "show_icon": true
                }
              ]
            }
          }
        },
        {
          "type": "origins:delay",
          "ticks": 40,
          "action": {
            "type": "origins:play_sound",
            "sound": "minecraft:entity.warden.heartbeat",
            "volume": 2,
            "pitch": 1,
            "category": "master"
          }
        },
        {
          "type": "origins:delay",
          "ticks": 80,
          "action": {
            "type": "origins:play_sound",
            "sound": "minecraft:entity.warden.heartbeat",
            "volume": 2,
            "pitch": 1,
            "category": "master"
          }
        },
        {
          "type": "origins:delay",
          "ticks": 120,
          "action": {
            "type": "origins:play_sound",
            "sound": "minecraft:entity.warden.heartbeat",
            "volume": 2,
            "pitch": 1,
            "category": "master"
          }
        },
        {
          "type": "origins:delay",
          "ticks": 140,
          "action": {
            "type": "origins:play_sound",
            "sound": "minecraft:entity.warden.roar",
            "volume": 2,
            "pitch": 1,
            "category": "master"
          }
        },
        {
          "type": "origins:delay",
          "ticks": 180,
          "action": {
            "type": "origins:execute_command",
            "command": "function luna:sculk/warden"
          }
        },
        {
          "type": "origins:delay",
          "ticks": 180,
          "action": {
            "type": "origins:grant_advancement",
            "advancement": "luna:luna_sculk/mahoraga"
          }
        }
      ]
    },
    "condition": {
      "type": "origins:xp_levels",
      "compare_to": 100,
      "comparison": ">="
    }
  },
  "warden_ignore_hopefully": {
    "type": "apugli:mobs_ignore",
    "mob_condition": {
      "type": "origins:entity_type",
      "entity_type": "minecraft:warden"
    }
  }
}
