{
  "name": "Sculk Surfing",
  "description": "Being made of sculk, you're able to phase through sculk blocks.",
  "badges": [
    {
      "type": "origins:tooltip",
      "sprite": "origins:textures/gui/badge/star.png",
      "text": "Requires 1 EXP Level every few seconds"
    },
    {
      "type": "origins:keybind",
      "sprite": "origins:textures/gui/badge/toggle.png",
      "text": "Toggle with [Save Hotbar]"
    }
  ],
  "type": "origins:multiple",
  "phase": {
    "type": "origins:phasing",
    "block_condition": {
      "type": "origins:in_tag",
      "tag": "luna:sculk_blocks"
    },
    "phase_down_condition": {
      "type": "origins:and",
      "conditions": [
        {
          "type": "origins:sneaking"
        },
        {
          "type": "origins:on_block"
        }
      ]
    },
    "condition": {
      "type": "origins:and",
      "conditions": [
        {
          "type": "origins:xp_levels",
          "compare_to": 1,
          "comparison": ">="
        },
        {
          "type": "origins:power_active",
          "power": "*:*_toggle"
        }
      ]
    }
  },
  "toggle": {
    "type": "origins:toggle",
    "active_by_default": false,
    "key": {
      "key": "key.saveToolbarActivator"
    }
  },
  "drain": {
    "type": "origins:action_over_time",
    "interval": 200,
    "entity_action": {
      "type": "origins:add_xp",
      "levels": -1
    },
    "condition": {
      "type": "origins:and",
      "conditions": [
        {
          "type": "origins:xp_levels",
          "compare_to": 1,
          "comparison": ">="
        },
        {
          "type": "origins:power_active",
          "power": "*:*_toggle"
        }
      ]
    }
  }
}
