{
  "name": "Sculk Veil",
  "description": "Your outer catalyst's shell hardens, absorbing more damage the angrier you are.\nThis disables your regen.",
  "type": "origins:multiple",
  "anger": {
    "type": "origins:resource",
    "max": 10,
    "min": 0
  },
  "anger_rise": {
    "type": "origins:self_action_when_hit",
    "entity_action": {
      "type": "origins:chance",
      "chance": 0.25,
      "action": {
        "type": "origins:change_resource",
        "change": 1,
        "operation": "add",
        "resource": "*:*_anger"
      }
    },
    "condition": {
      "type": "origins:resource",
      "compare_to": 0,
      "comparison": "==",
      "resource": "*:sculk/switching_switch_resource"
    }
  },
  "veil_1": {
    "type": "origins:modify_damage_taken",
    "modifier": {
      "value": -0.15,
      "operation": "multiply_total"
    },
    "condition": {
      "type": "origins:and",
      "conditions": [
        {
          "type": "origins:resource",
          "compare_to": 1,
          "comparison": "==",
          "resource": "*:*_anger"
        },
        {
          "type": "origins:resource",
          "compare_to": 0,
          "comparison": "==",
          "resource": "*:sculk/switching_switch_resource"
        }
      ]
    }
  },
  "veil_2": {
    "type": "origins:modify_damage_taken",
    "modifier": {
      "value": -0.2,
      "operation": "multiply_total"
    },
    "condition": {
      "type": "origins:and",
      "conditions": [
        {
          "type": "origins:resource",
          "compare_to": 2,
          "comparison": "==",
          "resource": "*:*_anger"
        },
        {
          "type": "origins:resource",
          "compare_to": 0,
          "comparison": "==",
          "resource": "*:sculk/switching_switch_resource"
        }
      ]
    }
  },
  "veil_3": {
    "type": "origins:modify_damage_taken",
    "modifier": {
      "value": -0.25,
      "operation": "multiply_total"
    },
    "condition": {
      "type": "origins:and",
      "conditions": [
        {
          "type": "origins:resource",
          "compare_to": 3,
          "comparison": "==",
          "resource": "*:*_anger"
        },
        {
          "type": "origins:resource",
          "compare_to": 0,
          "comparison": "==",
          "resource": "*:sculk/switching_switch_resource"
        }
      ]
    }
  },
  "veil_4": {
    "type": "origins:modify_damage_taken",
    "modifier": {
      "value": -0.3,
      "operation": "multiply_total"
    },
    "condition": {
      "type": "origins:and",
      "conditions": [
        {
          "type": "origins:resource",
          "compare_to": 4,
          "comparison": "==",
          "resource": "*:*_anger"
        },
        {
          "type": "origins:resource",
          "compare_to": 0,
          "comparison": "==",
          "resource": "*:sculk/switching_switch_resource"
        }
      ]
    }
  },
  "veil_5": {
    "type": "origins:modify_damage_taken",
    "modifier": {
      "value": -0.35,
      "operation": "multiply_total"
    },
    "condition": {
      "type": "origins:and",
      "conditions": [
        {
          "type": "origins:resource",
          "compare_to": 5,
          "comparison": "==",
          "resource": "*:*_anger"
        },
        {
          "type": "origins:resource",
          "compare_to": 0,
          "comparison": "==",
          "resource": "*:sculk/switching_switch_resource"
        }
      ]
    }
  },
  "veil_6": {
    "type": "origins:modify_damage_taken",
    "modifier": {
      "value": -0.4,
      "operation": "multiply_total"
    },
    "condition": {
      "type": "origins:and",
      "conditions": [
        {
          "type": "origins:resource",
          "compare_to": 6,
          "comparison": "==",
          "resource": "*:*_anger"
        },
        {
          "type": "origins:resource",
          "compare_to": 0,
          "comparison": "==",
          "resource": "*:sculk/switching_switch_resource"
        }
      ]
    }
  },
  "veil_7": {
    "type": "origins:modify_damage_taken",
    "modifier": {
      "value": -0.45,
      "operation": "multiply_total"
    },
    "condition": {
      "type": "origins:and",
      "conditions": [
        {
          "type": "origins:resource",
          "compare_to": 7,
          "comparison": "==",
          "resource": "*:*_anger"
        },
        {
          "type": "origins:resource",
          "compare_to": 0,
          "comparison": "==",
          "resource": "*:sculk/switching_switch_resource"
        }
      ]
    }
  },
  "veil_8": {
    "type": "origins:modify_damage_taken",
    "modifier": {
      "value": -0.5,
      "operation": "multiply_total"
    },
    "condition": {
      "type": "origins:and",
      "conditions": [
        {
          "type": "origins:resource",
          "compare_to": 8,
          "comparison": "==",
          "resource": "*:*_anger"
        },
        {
          "type": "origins:resource",
          "compare_to": 0,
          "comparison": "==",
          "resource": "*:sculk/switching_switch_resource"
        }
      ]
    }
  },
  "veil_9": {
    "type": "origins:modify_damage_taken",
    "modifier": {
      "value": -0.55,
      "operation": "multiply_total"
    },
    "condition": {
      "type": "origins:and",
      "conditions": [
        {
          "type": "origins:resource",
          "compare_to": 9,
          "comparison": "==",
          "resource": "*:*_anger"
        },
        {
          "type": "origins:resource",
          "compare_to": 0,
          "comparison": "==",
          "resource": "*:sculk/switching_switch_resource"
        }
      ]
    }
  },
  "veil_10": {
    "type": "origins:modify_damage_taken",
    "modifier": {
      "value": -0.6,
      "operation": "multiply_total"
    },
    "condition": {
      "type": "origins:and",
      "conditions": [
        {
          "type": "origins:resource",
          "compare_to": 10,
          "comparison": "==",
          "resource": "*:*_anger"
        },
        {
          "type": "origins:resource",
          "compare_to": 0,
          "comparison": "==",
          "resource": "*:sculk/switching_switch_resource"
        }
      ]
    }
  },
  "anger_reset": {
    "type": "origins:action_over_time",
    "interval": 250,
    "entity_action": {
      "type": "origins:change_resource",
      "change": -1,
      "operation": "add",
      "resource": "*:*_anger"
    },
    "condition": {
      "type": "origins:resource",
      "compare_to": 0,
      "comparison": "==",
      "resource": "*:sculk/switching_switch_resource"
    }
  },
  "disable_regen": {
    "type": "origins:disable_regen",
    "condition": {
      "type": "origins:resource",
      "compare_to": 1,
      "comparison": ">=",
      "resource": "*:*_anger"
    }
  }
}
