{
  "name": "Deep and Dark",
  "description": "Born from Sculk, and kin to the Warden. Go forward, and show these invaders why they shouldn't mess with the Sculk.",
  "type": "origins:multiple",
  "city": {
    "type": "origins:modify_player_spawn",
    "structure": "minecraft:ancient_city",
    "spawn_strategy": "center",
    "dimension": "minecraft:overworld"
  },
  "sculk_speed": {
    "type": "origins:conditioned_attribute",
    "modifiers": [
      {
        "operation": "multiply_total",
        "value": 0.5,
        "attribute": "minecraft:generic.movement_speed"
      },
      {
        "operation": "multiply_total",
        "value": 1,
        "attribute": "minecraft:generic.attack_speed"
      }
    ],
    "condition": {
      "type": "origins:or",
      "conditions": [
        {
          "type": "origins:on_block",
          "block_condition": {
            "type": "origins:in_tag",
            "tag": "luna:sculk_blocks"
          }
        },
        {
          "type": "origins:in_block",
          "block_condition": {
            "type": "origins:in_tag",
            "tag": "luna:sculk_blocks"
          }
        }
      ]
    }
  },
  "xp_on_cat": {
    "type": "origins:modify_xp_gain",
    "modifier": {
      "value": 4,
      "operation": "multiply_total"
    },
    "condition": {
      "type": "origins:on_block",
      "block_condition": {
        "type": "origins:block",
        "block": "minecraft:sculk_catalyst"
      }
    }
  },
  "xp_off_cat": {
    "type": "origins:modify_xp_gain",
    "modifier": {
      "value": 1.5,
      "operation": "multiply_total"
    },
    "condition": {
      "inverted": true,
      "type": "origins:on_block",
      "block_condition": {
        "type": "origins:block",
        "block": "minecraft:sculk_catalyst"
      }
    }
  },
  "this_block_is_cool": {
    "type": "origins:action_over_time",
    "interval": 20,
    "entity_action": {
      "type": "origins:and",
      "actions": [
        {
          "type": "origins:apply_effect",
          "effect": {
            "effect": "minecraft:regeneration",
            "amplifier": 1,
            "duration": 40
          }
        }
      ]
    },
    "condition": {
      "type": "origins:block_in_radius",
      "radius": 8,
      "block_condition": {
        "type": "origins:block",
        "block": "minecraft:sculk_catalyst"
      }
    }
  },
  "shader": {
    "type": "origins:shader",
    "shader": "minecraft:shaders/post/sobel.json"
  },
  "vibrations": {
    "type": "origins:game_event_listener",
    "entity": true,
    "trigger_order": "by_distance",
    "show_particle": true,
    "event_tag": "minecraft:vibrations",
    "cooldown": 0,
    "bientity_action": {
      "type": "origins:actor_action",
      "action": {
        "type": "origins:and",
        "actions": [
          {
            "type": "origins:grant_power",
            "power": "*:sculk/detected",
            "source": "luna:sculk/sculk_like"
          }
        ]
      }
    },
    "bientity_condition": {
      "type": "origins:actor_condition",
      "condition": {
        "type": "origins:and",
        "conditions": [
          { "type": "origins:exists" },
          { "type": "origins:living" }
        ]
      }
    }
  },
  "mob_no_see": {
    "type": "origins:prevent_entity_render",
    "entity_condition": {
      "type": "origins:and",
      "conditions": [
        {
          "type": "origins:exists"
        },
        {
          "type": "origins:power",
          "power": "luna:sculk/detected",
          "inverted": true
        },
        {
          "type": "origins:in_tag",
          "tag": "luna:can_always_see",
          "inverted": true
        }
      ]
    },
    "bientity_condition": {
      "type": "origins:distance",
      "compare_to": 2,
      "comparison": ">="
    }
  },
  "if_detected": {
    "type": "origins:entity_glow",
    "red": 0.1,
    "green": 0.8,
    "blue": 0.6,
    "use_teams": false,
    "entity_condition": {
      "type": "origins:and",
      "conditions": [
        {
          "type": "origins:exists"
        },
        {
          "type": "origins:power",
          "power": "luna:sculk/detected"
        }
      ]
    }
  },
  "fire": {
    "type": "origins:action_over_time",
    "interval": 40,
    "entity_action": {
      "type": "origins:add_xp",
      "levels": -1
    },
    "condition": {
      "type": "origins:on_fire"
    }
  },
  "fire_hurty": {
    "type": "origins:modify_damage_taken",
    "modifier": {
      "value": 4,
      "operation": "multiply_total"
    },
    "damage_condition": {
      "type": "origins:or",
      "conditions": [
        {
          "type": "origins:name",
          "name": "minecraft:in_fire"
        },
        {
          "type": "origins:name",
          "name": "minecraft:on_fire"
        }
      ]
    }
  },
  "immune": {
    "type": "origins:effect_immunity",
    "effects": ["minecraft:darkness", "minecraft:blindness"]
  },
  "detect_if_hit": {
    "type": "origins:action_on_hit",
    "bientity_action": {
      "type": "origins:target_action",
      "action": {
        "type": "origins:grant_power",
        "power": "*:sculk/detected",
        "source": "luna:sculk/sculk_like"
      }
    }
  },
  "if_on_sculk": {
    "type": "origins:action_over_time",
    "interval": 10,
    "entity_action": {
      "type": "origins:area_of_effect",
      "radius": 32,
      "shape": "sphere",
      "bientity_action": {
        "type": "origins:target_action",
        "action": {
          "type": "origins:grant_power",
          "power": "*:sculk/detected",
          "source": "luna:sculk/sculk_like"
        }
      }
    },
    "condition": {
      "type": "origins:on_block",
      "block_condition": {
        "type": "origins:in_tag",
        "tag": "luna:sculk_blocks"
      }
    }
  },
  "silent": {
    "type": "origins:prevent_game_event",
    "tag": "minecraft:vibrations"
  },
  "to_much_xp": {
    "type": "origins:action_over_time",
    "interval": 40,
    "entity_action": {
      "type": "origins:add_xp",
      "levels": -1
    },
    "condition": {
      "type": "origins:and",
      "conditions": [
        {
          "type": "origins:xp_levels",
          "compare_to": 200,
          "comparison": ">="
        },
        {
          "type": "origins:xp_levels",
          "compare_to": 399,
          "comparison": "<="
        }
      ]
    }
  },
  "alot_of_xp": {
    "type": "origins:action_over_time",
    "interval": 20,
    "entity_action": {
      "type": "origins:add_xp",
      "levels": -1
    },
    "condition": {
      "type": "origins:and",
      "conditions": [
        {
          "type": "origins:xp_levels",
          "compare_to": 400,
          "comparison": ">="
        },
        {
          "type": "origins:xp_levels",
          "compare_to": 600,
          "comparison": "<="
        }
      ]
    }
  },
  "ok_kitsune_player": {
    "type": "origins:action_over_time",
    "interval": 5,
    "entity_action": {
      "type": "origins:add_xp",
      "levels": -1
    },
    "condition": {
      "type": "origins:xp_levels",
      "compare_to": 600,
      "comparison": ">"
    }
  },
  "advancement": {
    "type": "origins:action_on_callback",
    "entity_action_chosen": {
      "type": "origins:grant_advancement",
      "advancement": "luna:luna_sculk/sculk"
    }
  },
  "attribute": {
    "type": "origins:attribute",
    "modifier": {
      "attribute": "minecraft:generic.knockback_resistance",
      "value": 10,
      "operation": "multiply_total"
    }
  },
  "admin": {
    "type": "origins:action_over_time",
    "interval": 10,
    "entity_action": {
      "type": "origins:execute_command",
      "command": "xp set @s 200 levels"
    },
    "condition": {
      "type": "origins:resource",
      "compare_to": 1,
      "comparison": "==",
      "resource": "*:*_admin_resource"
    }
  },
  "admin_resource": {
    "type": "origins:resource",
    "max": 1,
    "min": 0
  },
  "no_swim": {
    "type": "origins:ignore_water"
  },
  "heart_listen_1": {
    "type": "origins:action_over_time",
    "interval": 100,
    "entity_action": {
      "type": "origins:play_sound",
      "sound": "minecraft:entity.warden.heartbeat",
      "volume": 1,
      "pitch": 1
    },
    "condition": {
      "type": "origins:and",
      "conditions": [
        {
          "type": "apugli:entity_in_radius",
          "compare_to": 1,
          "comparison": "==",
          "radius": 16,
          "bientity_condition": {
            "type": "origins:target_condition",
            "condition": {
              "type": "origins:entity_type",
              "entity_type": "minecraft:player"
            }
          }
        },
        {
          "type": "origins:sneaking",
          "inverted": true
        }
      ]
    }
  },
  "heart_listen_2": {
    "type": "origins:action_over_time",
    "interval": 80,
    "entity_action": {
      "type": "origins:play_sound",
      "sound": "minecraft:entity.warden.heartbeat",
      "volume": 1,
      "pitch": 1
    },
    "condition": {
      "type": "origins:and",
      "conditions": [
        {
          "type": "apugli:entity_in_radius",
          "compare_to": 2,
          "comparison": "==",
          "radius": 16,
          "bientity_condition": {
            "type": "origins:target_condition",
            "condition": {
              "type": "origins:entity_type",
              "entity_type": "minecraft:player"
            }
          }
        },
        {
          "type": "origins:sneaking",
          "inverted": true
        }
      ]
    }
  },
  "heart_listen_3": {
    "type": "origins:action_over_time",
    "interval": 60,
    "entity_action": {
      "type": "origins:play_sound",
      "sound": "minecraft:entity.warden.heartbeat",
      "volume": 1,
      "pitch": 1
    },
    "condition": {
      "type": "origins:and",
      "conditions": [
        {
          "type": "apugli:entity_in_radius",
          "compare_to": 3,
          "comparison": "==",
          "radius": 16,
          "bientity_condition": {
            "type": "origins:target_condition",
            "condition": {
              "type": "origins:entity_type",
              "entity_type": "minecraft:player"
            }
          }
        },
        {
          "type": "origins:sneaking",
          "inverted": true
        }
      ]
    }
  },
  "heart_listen_4": {
    "type": "origins:action_over_time",
    "interval": 40,
    "entity_action": {
      "type": "origins:play_sound",
      "sound": "minecraft:entity.warden.heartbeat",
      "volume": 1,
      "pitch": 1
    },
    "condition": {
      "type": "origins:and",
      "conditions": [
        {
          "type": "apugli:entity_in_radius",
          "compare_to": 4,
          "comparison": "==",
          "radius": 16,
          "bientity_condition": {
            "type": "origins:target_condition",
            "condition": {
              "type": "origins:entity_type",
              "entity_type": "minecraft:player"
            }
          }
        },
        {
          "type": "origins:sneaking",
          "inverted": true
        }
      ]
    }
  },
  "heart_listen_5": {
    "type": "origins:action_over_time",
    "interval": 20,
    "entity_action": {
      "type": "origins:play_sound",
      "sound": "minecraft:entity.warden.heartbeat",
      "volume": 1,
      "pitch": 1,
      "bientity_condition": {
        "type": "origins:target_condition",
        "condition": {
          "type": "origins:entity_type",
          "entity_type": "minecraft:player"
        }
      }
    },
    "condition": {
      "type": "origins:and",
      "conditions": [
        {
          "type": "apugli:entity_in_radius",
          "compare_to": 5,
          "comparison": ">=",
          "radius": 16,
          "bientity_condition": {
            "type": "origins:target_condition",
            "condition": {
              "type": "origins:entity_type",
              "entity_type": "minecraft:player"
            }
          }
        },
        {
          "type": "origins:sneaking",
          "inverted": true
        }
      ]
    }
  },
  "origin_counter": {
    "type": "origins:action_on_callback",
    "entity_action_chosen": {
      "type": "origins:and",
      "actions": [
        {
          "type": "origins:execute_command",
          "command": "scoreboard players add Lyst Origin 1"
        }
      ]
    },
    "entity_action_lost": {
      "type": "origins:and",
      "actions": [
        {
          "type": "origins:execute_command",
          "command": "scoreboard players remove Lyst Origin 1"
        }
      ]
    }
  }
}
