{
  "name": "Adapable",
  "description": "Being made of sculk, and a catalyst for it, you can adapt to many environments.",
  "badges": [
    {
      "type": "origins:tooltip",
      "text": "Requires 5 XP levels everytime you switch.",
      "sprite": "origins:textures/gui/badge/info.png"
    },
    {
      "type": "origins:keybind",
      "sprite": "origins:textures/gui/badge/toggle.png",
      "text": "Toggle with [Primary]"
    }
  ],
  "type": "origins:multiple",
  "switch": {
    "type": "origins:active_self",
    "key": "key.origins.primary_active",
    "cooldown": 100,
    "entity_action": {
      "type": "origins:if_else_list",
      "actions": [
        {
          "action": {
            "type": "origins:and",
            "actions": [
              {
                "type": "origins:change_resource",
                "change": 1,
                "operation": "add",
                "resource": "*:*_switch_resource"
              },
              {
                "type": "origins:add_xp",
                "levels": -5
              },
              {
                "type": "origins:execute_command",
                "command": "/title @p actionbar {\"text\":\"Unbridled Rage Form\",\"color\":\"dark_blue\",\"bold\":true}"
              },
              {
                "type": "origins:execute_command",
                "command": "particle minecraft:sculk_soul 0 ~ ~ ~ 0.2 0.8 0.2 0 100 force"
              }
            ]
          },
          "condition": {
            "type": "origins:and",
            "conditions": [
              {
                "type": "origins:resource",
                "compare_to": 0,
                "comparison": "==",
                "resource": "*:*_switch_resource"
              },
              {
                "type": "origins:xp_levels",
                "compare_to": 5,
                "comparison": ">="
              }
            ]
          }
        },
        {
          "action": {
            "type": "origins:and",
            "actions": [
              {
                "type": "origins:change_resource",
                "change": 0,
                "operation": "set",
                "resource": "*:*_switch_resource"
              },
              {
                "type": "origins:add_xp",
                "levels": -5
              },
              {
                "type": "origins:execute_command",
                "command": "/title @p actionbar {\"text\":\"Sculk Veil Form\",\"color\":\"dark_blue\",\"bold\":true}"
              },
              {
                "type": "origins:execute_command",
                "command": "particle minecraft:sculk_charge 0 ~ ~ ~ 0.2 0.8 0.2 0 100 force"
              }
            ]
          },
          "condition": {
            "type": "origins:and",
            "conditions": [
              {
                "type": "origins:resource",
                "compare_to": 1,
                "comparison": "==",
                "resource": "*:*_switch_resource"
              },
              {
                "type": "origins:xp_levels",
                "compare_to": 5,
                "comparison": ">="
              }
            ]
          }
        }
      ]
    }
  },
  "switch_resource": {
    "type": "origins:resource",
    "max": 1,
    "min": 0
  },
  "reset": {
    "type": "origins:action_on_callback",
    "entity_action_respawned": {
      "type": "origins:and",
      "actions": [
        {
          "type": "origins:change_resource",
          "change": 0,
          "operation": "set",
          "resource": "*:*_switch_resource"
        },
        {
          "type": "origins:execute_command",
          "command": "title @p actionbar {\"text\":\"Sculk Veil Form\",\"color\":\"dark_blue\",\"bold\":true}"
        }
      ]
    }
  }
}
