{
  "name": "Unbridled Rage",
  "description": "The closer to death you get, the stronger and faster you become.",
  "type": "origins:multiple",
  "rage_1": {
    "type": "origins:conditioned_attribute",
    "modifiers": [
      {
        "attribute": "minecraft:generic.attack_damage",
        "operation": "addition",
        "value": 1,
        "name": "Increased attack"
      },
      {
        "attribute": "minecraft:generic.movement_speed",
        "operation": "multiply_base",
        "value": 0.05,
        "name": "Increased speed"
      }
    ],
    "tick_rate": 5,
    "condition": {
      "type": "origins:and",
      "conditions": [
        {
          "type": "origins:health",
          "comparison": "<",
          "compare_to": 20
        },
        {
          "type": "origins:resource",
          "compare_to": 1,
          "comparison": "==",
          "resource": "*:sculk/switching_switch_resource"
        }
      ]
    }
  },
  "rage_2": {
    "type": "origins:conditioned_attribute",
    "modifiers": [
      {
        "attribute": "minecraft:generic.attack_damage",
        "operation": "addition",
        "value": 1,
        "name": "Increased attack"
      },
      {
        "attribute": "minecraft:generic.movement_speed",
        "operation": "multiply_base",
        "value": 0.05,
        "name": "Increased speed"
      }
    ],
    "tick_rate": 5,
    "condition": {
      "type": "origins:and",
      "conditions": [
        {
          "type": "origins:health",
          "comparison": "<",
          "compare_to": 19
        },
        {
          "type": "origins:resource",
          "compare_to": 1,
          "comparison": "==",
          "resource": "*:sculk/switching_switch_resource"
        }
      ]
    }
  },
  "rage_3": {
    "type": "origins:conditioned_attribute",
    "modifiers": [
      {
        "attribute": "minecraft:generic.attack_damage",
        "operation": "addition",
        "value": 1,
        "name": "Increased attack"
      },
      {
        "attribute": "minecraft:generic.movement_speed",
        "operation": "multiply_base",
        "value": 0.05,
        "name": "Increased speed"
      }
    ],
    "tick_rate": 5,
    "condition": {
      "type": "origins:and",
      "conditions": [
        {
          "type": "origins:health",
          "comparison": "<",
          "compare_to": 18
        },
        {
          "type": "origins:resource",
          "compare_to": 1,
          "comparison": "==",
          "resource": "*:sculk/switching_switch_resource"
        }
      ]
    }
  },
  "rage_4": {
    "type": "origins:conditioned_attribute",
    "modifiers": [
      {
        "attribute": "minecraft:generic.attack_damage",
        "operation": "addition",
        "value": 1,
        "name": "Increased attack"
      },
      {
        "attribute": "minecraft:generic.movement_speed",
        "operation": "multiply_base",
        "value": 0.05,
        "name": "Increased speed"
      }
    ],
    "tick_rate": 5,
    "condition": {
      "type": "origins:and",
      "conditions": [
        {
          "type": "origins:health",
          "comparison": "<",
          "compare_to": 17
        },
        {
          "type": "origins:resource",
          "compare_to": 1,
          "comparison": "==",
          "resource": "*:sculk/switching_switch_resource"
        }
      ]
    }
  },
  "rage_5": {
    "type": "origins:conditioned_attribute",
    "modifiers": [
      {
        "attribute": "minecraft:generic.attack_damage",
        "operation": "addition",
        "value": 1,
        "name": "Increased attack"
      },
      {
        "attribute": "minecraft:generic.movement_speed",
        "operation": "multiply_base",
        "value": 0.05,
        "name": "Increased speed"
      }
    ],
    "tick_rate": 5,
    "condition": {
      "type": "origins:and",
      "conditions": [
        {
          "type": "origins:health",
          "comparison": "<",
          "compare_to": 16
        },
        {
          "type": "origins:resource",
          "compare_to": 1,
          "comparison": "==",
          "resource": "*:sculk/switching_switch_resource"
        }
      ]
    }
  },
  "rage_6": {
    "type": "origins:conditioned_attribute",
    "modifiers": [
      {
        "attribute": "minecraft:generic.attack_damage",
        "operation": "addition",
        "value": 1,
        "name": "Increased attack"
      },
      {
        "attribute": "minecraft:generic.movement_speed",
        "operation": "multiply_base",
        "value": 0.05,
        "name": "Increased speed"
      }
    ],
    "tick_rate": 5,
    "condition": {
      "type": "origins:and",
      "conditions": [
        {
          "type": "origins:health",
          "comparison": "<",
          "compare_to": 15
        },
        {
          "type": "origins:resource",
          "compare_to": 1,
          "comparison": "==",
          "resource": "*:sculk/switching_switch_resource"
        }
      ]
    }
  },
  "rage_7": {
    "type": "origins:conditioned_attribute",
    "modifiers": [
      {
        "attribute": "minecraft:generic.attack_damage",
        "operation": "addition",
        "value": 1,
        "name": "Increased attack"
      },
      {
        "attribute": "minecraft:generic.movement_speed",
        "operation": "multiply_base",
        "value": 0.05,
        "name": "Increased speed"
      }
    ],
    "tick_rate": 5,
    "condition": {
      "type": "origins:and",
      "conditions": [
        {
          "type": "origins:health",
          "comparison": "<",
          "compare_to": 14
        },
        {
          "type": "origins:resource",
          "compare_to": 1,
          "comparison": "==",
          "resource": "*:sculk/switching_switch_resource"
        }
      ]
    }
  },
  "rage_8": {
    "type": "origins:conditioned_attribute",
    "modifiers": [
      {
        "attribute": "minecraft:generic.attack_damage",
        "operation": "addition",
        "value": 1,
        "name": "Increased attack"
      },
      {
        "attribute": "minecraft:generic.movement_speed",
        "operation": "multiply_base",
        "value": 0.05,
        "name": "Increased speed"
      }
    ],
    "tick_rate": 5,
    "condition": {
      "type": "origins:and",
      "conditions": [
        {
          "type": "origins:health",
          "comparison": "<",
          "compare_to": 13
        },
        {
          "type": "origins:resource",
          "compare_to": 1,
          "comparison": "==",
          "resource": "*:sculk/switching_switch_resource"
        }
      ]
    }
  },
  "rage_9": {
    "type": "origins:conditioned_attribute",
    "modifiers": [
      {
        "attribute": "minecraft:generic.attack_damage",
        "operation": "addition",
        "value": 1,
        "name": "Increased attack"
      },
      {
        "attribute": "minecraft:generic.movement_speed",
        "operation": "multiply_base",
        "value": 0.05,
        "name": "Increased speed"
      }
    ],
    "tick_rate": 5,
    "condition": {
      "type": "origins:and",
      "conditions": [
        {
          "type": "origins:health",
          "comparison": "<",
          "compare_to": 12
        },
        {
          "type": "origins:resource",
          "compare_to": 1,
          "comparison": "==",
          "resource": "*:sculk/switching_switch_resource"
        }
      ]
    }
  },
  "rage_10": {
    "type": "origins:conditioned_attribute",
    "modifiers": [
      {
        "attribute": "minecraft:generic.attack_damage",
        "operation": "addition",
        "value": 1,
        "name": "Increased attack"
      },
      {
        "attribute": "minecraft:generic.movement_speed",
        "operation": "multiply_base",
        "value": 0.05,
        "name": "Increased speed"
      }
    ],
    "tick_rate": 5,
    "condition": {
      "type": "origins:and",
      "conditions": [
        {
          "type": "origins:health",
          "comparison": "<",
          "compare_to": 11
        },
        {
          "type": "origins:resource",
          "compare_to": 1,
          "comparison": "==",
          "resource": "*:sculk/switching_switch_resource"
        }
      ]
    }
  },
  "rage_11": {
    "type": "origins:conditioned_attribute",
    "modifiers": [
      {
        "attribute": "minecraft:generic.attack_damage",
        "operation": "addition",
        "value": 1,
        "name": "Increased attack"
      },
      {
        "attribute": "minecraft:generic.movement_speed",
        "operation": "multiply_base",
        "value": 0.05,
        "name": "Increased speed"
      }
    ],
    "tick_rate": 5,
    "condition": {
      "type": "origins:and",
      "conditions": [
        {
          "type": "origins:health",
          "comparison": "<",
          "compare_to": 10
        },
        {
          "type": "origins:resource",
          "compare_to": 1,
          "comparison": "==",
          "resource": "*:sculk/switching_switch_resource"
        }
      ]
    }
  },
  "rage_12": {
    "type": "origins:conditioned_attribute",
    "modifiers": [
      {
        "attribute": "minecraft:generic.attack_damage",
        "operation": "addition",
        "value": 1,
        "name": "Increased attack"
      },
      {
        "attribute": "minecraft:generic.movement_speed",
        "operation": "multiply_base",
        "value": 0.05,
        "name": "Increased speed"
      }
    ],
    "tick_rate": 5,
    "condition": {
      "type": "origins:and",
      "conditions": [
        {
          "type": "origins:health",
          "comparison": "<",
          "compare_to": 9
        },
        {
          "type": "origins:resource",
          "compare_to": 1,
          "comparison": "==",
          "resource": "*:sculk/switching_switch_resource"
        }
      ]
    }
  },
  "rage_13": {
    "type": "origins:conditioned_attribute",
    "modifiers": [
      {
        "attribute": "minecraft:generic.attack_damage",
        "operation": "addition",
        "value": 1,
        "name": "Increased attack"
      },
      {
        "attribute": "minecraft:generic.movement_speed",
        "operation": "multiply_base",
        "value": 0.05,
        "name": "Increased speed"
      }
    ],
    "tick_rate": 5,
    "condition": {
      "type": "origins:and",
      "conditions": [
        {
          "type": "origins:health",
          "comparison": "<",
          "compare_to": 8
        },
        {
          "type": "origins:resource",
          "compare_to": 1,
          "comparison": "==",
          "resource": "*:sculk/switching_switch_resource"
        }
      ]
    }
  },
  "rage_14": {
    "type": "origins:conditioned_attribute",
    "modifiers": [
      {
        "attribute": "minecraft:generic.attack_damage",
        "operation": "addition",
        "value": 1,
        "name": "Increased attack"
      },
      {
        "attribute": "minecraft:generic.movement_speed",
        "operation": "multiply_base",
        "value": 0.05,
        "name": "Increased speed"
      }
    ],
    "tick_rate": 5,
    "condition": {
      "type": "origins:and",
      "conditions": [
        {
          "type": "origins:health",
          "comparison": "<",
          "compare_to": 7
        },
        {
          "type": "origins:resource",
          "compare_to": 1,
          "comparison": "==",
          "resource": "*:sculk/switching_switch_resource"
        }
      ]
    }
  },
  "rage_15": {
    "type": "origins:conditioned_attribute",
    "modifiers": [
      {
        "attribute": "minecraft:generic.attack_damage",
        "operation": "addition",
        "value": 1,
        "name": "Increased attack"
      },
      {
        "attribute": "minecraft:generic.movement_speed",
        "operation": "multiply_base",
        "value": 0.05,
        "name": "Increased speed"
      }
    ],
    "tick_rate": 5,
    "condition": {
      "type": "origins:and",
      "conditions": [
        {
          "type": "origins:health",
          "comparison": "<",
          "compare_to": 6
        },
        {
          "type": "origins:resource",
          "compare_to": 1,
          "comparison": "==",
          "resource": "*:sculk/switching_switch_resource"
        }
      ]
    }
  },
  "rage_16": {
    "type": "origins:conditioned_attribute",
    "modifiers": [
      {
        "attribute": "minecraft:generic.attack_damage",
        "operation": "addition",
        "value": 1,
        "name": "Increased attack"
      },
      {
        "attribute": "minecraft:generic.movement_speed",
        "operation": "multiply_base",
        "value": 0.05,
        "name": "Increased speed"
      }
    ],
    "tick_rate": 5,
    "condition": {
      "type": "origins:and",
      "conditions": [
        {
          "type": "origins:health",
          "comparison": "<",
          "compare_to": 5
        },
        {
          "type": "origins:resource",
          "compare_to": 1,
          "comparison": "==",
          "resource": "*:sculk/switching_switch_resource"
        }
      ]
    }
  },
  "rage_17": {
    "type": "origins:conditioned_attribute",
    "modifiers": [
      {
        "attribute": "minecraft:generic.attack_damage",
        "operation": "addition",
        "value": 1,
        "name": "Increased attack"
      },
      {
        "attribute": "minecraft:generic.movement_speed",
        "operation": "multiply_base",
        "value": 0.05,
        "name": "Increased speed"
      }
    ],
    "tick_rate": 5,
    "condition": {
      "type": "origins:and",
      "conditions": [
        {
          "type": "origins:health",
          "comparison": "<",
          "compare_to": 4
        },
        {
          "type": "origins:resource",
          "compare_to": 1,
          "comparison": "==",
          "resource": "*:sculk/switching_switch_resource"
        }
      ]
    }
  },
  "rage_18": {
    "type": "origins:conditioned_attribute",
    "modifiers": [
      {
        "attribute": "minecraft:generic.attack_damage",
        "operation": "addition",
        "value": 1,
        "name": "Increased attack"
      },
      {
        "attribute": "minecraft:generic.movement_speed",
        "operation": "multiply_base",
        "value": 0.05,
        "name": "Increased speed"
      }
    ],
    "tick_rate": 5,
    "condition": {
      "type": "origins:and",
      "conditions": [
        {
          "type": "origins:health",
          "comparison": "<",
          "compare_to": 3
        },
        {
          "type": "origins:resource",
          "compare_to": 1,
          "comparison": "==",
          "resource": "*:sculk/switching_switch_resource"
        }
      ]
    }
  },
  "rage_19": {
    "type": "origins:conditioned_attribute",
    "modifiers": [
      {
        "attribute": "minecraft:generic.attack_damage",
        "operation": "addition",
        "value": 1,
        "name": "Increased attack"
      },
      {
        "attribute": "minecraft:generic.movement_speed",
        "operation": "multiply_base",
        "value": 0.05,
        "name": "Increased speed"
      }
    ],
    "tick_rate": 5,
    "condition": {
      "type": "origins:and",
      "conditions": [
        {
          "type": "origins:health",
          "comparison": "<",
          "compare_to": 2
        },
        {
          "type": "origins:resource",
          "compare_to": 1,
          "comparison": "==",
          "resource": "*:sculk/switching_switch_resource"
        }
      ]
    }
  },
  "rage_20": {
    "type": "origins:conditioned_attribute",
    "modifiers": [
      {
        "attribute": "minecraft:generic.attack_damage",
        "operation": "addition",
        "value": 1,
        "name": "Increased attack"
      },
      {
        "attribute": "minecraft:generic.movement_speed",
        "operation": "multiply_base",
        "value": 0.05,
        "name": "Increased speed"
      }
    ],
    "tick_rate": 5,
    "condition": {
      "type": "origins:and",
      "conditions": [
        {
          "type": "origins:health",
          "comparison": "<",
          "compare_to": 1
        },
        {
          "type": "origins:resource",
          "compare_to": 1,
          "comparison": "==",
          "resource": "*:sculk/switching_switch_resource"
        }
      ]
    }
  }
}
