{
  "name": "Pilot",
  "description": "Summon 'Holograms' to trick your opponents.",
  "type": "origins:multiple",
  "translucency": {
    "type": "origins:model_color",
    "alpha": 0.1,
    "condition": {
      "type": "origins:resource",
      "resource": "*:*_cloak_activate",
      "comparison": "!=",
      "compare_to": 0
    }
  },
  "cloak_activate": {
    "type": "origins:active_self",
    "cooldown": 200,
    "key": {
      "key": "primary"
    },
    "hud_render": {
      "should_render": true
    },
    "entity_action": {
      "type": "origins:execute_command",
      "command": "/function originpilot:holosummon",
      "cooldown": 200
    }
  }
}
