{
  "type": "origins:multiple",
  "name": "Blade Master",
  "description": "Melee damage increased by 1.\nUse [Netherite ingot] To obtain this upgrade!",
  "blade_bar": {
    "type": "origins:resource",
    "max": 1,
    "min": 0
  },
  "blade_upgrade": {
    "type": "origins:active_self",
    "key": "key.use",
    "entity_action": {
      "type": "origins:and",
      "actions": [
        {
          "type": "origins:change_resource",
          "resource": "*:*_blade_bar",
          "change": 1
        },
        {
          "type": "origins:execute_command",
          "command": "clear @s minecraft:netherite_ingot 1"
        },
        {
          "type": "origins:execute_command",
          "command": "title @p actionbar {\"bold\":true,\"color\":\"gold\",\"text\":\"Blade Master Unlocked!\"}"
        }
      ]
    },
    "condition": {
      "type": "origins:and",
      "conditions": [
        {
          "type": "origins:equipped_item",
          "equipment_slot": "mainhand",
          "item_condition": {
            "type": "origins:ingredient",
            "ingredient": {
              "item": "minecraft:netherite_ingot"
            }
          }
        },
        {
          "type": "origins:resource",
          "compare_to": 0,
          "comparison": "==",
          "resource": "*:*_blade_bar"
        }
      ]
    }
  },
  "blademaster": {
    "type": "origins:modify_damage_dealt",
    "modifier": {
      "operation": "addition",
      "value": 6
    },
    "condition": {
      "type": "origins:resource",
      "compare_to": 1,
      "comparison": "==",
      "resource": "*:*_blade_bar"
    }
  }
}
