{
  "name": "Hog Rider",
  "description": "You can ride hoglins!\nHoglins also do not attack you.",
  "type": "origins:multiple",
  "ride_hoglin": {
    "type": "origins:action_on_entity_use",
    "bientity_action": {
      "type": "origins:mount"
    },
    "bientity_condition": {
      "type": "origins:target_condition",
      "condition": {
        "type": "origins:entity_type",
        "entity_type": "minecraft:hoglin"
      }
    }
  },
  "passive_hoglins": {
    "type": "apugli:mobs_ignore",
    "mob_condition": {
      "type": "origins:entity_type",
      "entity_type": "minecraft:hoglin"
    }
  },
  "control_w": {
    "type": "origins:active_self",
    "key": {
      "key": "key.forward",
      "continuous": true
    },
    "entity_action": {
      "type": "origins:riding_action",
      "bientity_action": {
        "type": "origins:and",
        "actions": [
          {
            "type": "origins:target_action",
            "action": {
              "type": "origins:and",
              "actions": [
                {
                  "type": "origins:add_velocity",
                  "z": 0.3,
                  "space": "local_horizontal_normalized"
                },
                {
                  "type": "origins:execute_command",
                  "command": "data modify entity @s Rotation[0] set from entity @p[distance=..2] Rotation[0]"
                },
                {
                  "type": "origins:execute_command",
                  "command": "execute at @s rotated as @p[distance=..2,sort=nearest] run tp @s ~ ~ ~ ~ ~"
                },
                {
                  "type": "origins:execute_command",
                  "command": "scale set pehkui:step_height 2"
                }
              ]
            }
          }
        ]
      },
      "bientity_condition": {
        "type": "origins:target_condition",
        "condition": {
          "type": "origins:and",
          "conditions": [
            {
              "type": "origins:entity_type",
              "entity_type": "minecraft:hoglin"
            },
            {
              "type": "origins:on_block"
            }
          ]
        }
      }
    }
  },
  "control_s": {
    "type": "origins:active_self",
    "key": {
      "key": "key.back",
      "continuous": true
    },
    "entity_action": {
      "type": "origins:riding_action",
      "bientity_action": {
        "type": "origins:and",
        "actions": [
          {
            "type": "origins:target_action",
            "action": {
              "type": "origins:and",
              "actions": [
                {
                  "type": "origins:add_velocity",
                  "z": -0.2,
                  "space": "local_horizontal_normalized"
                },
                {
                  "type": "origins:execute_command",
                  "command": "data modify entity @s Rotation[0] set from entity @p[distance=..2] Rotation[0]"
                },
                {
                  "type": "origins:execute_command",
                  "command": "execute at @s rotated as @p[distance=..2,sort=nearest] run tp @s ~ ~ ~ ~ ~"
                },
                {
                  "type": "origins:execute_command",
                  "command": "scale set pehkui:step_height 2"
                }
              ]
            }
          }
        ]
      },
      "bientity_condition": {
        "type": "origins:target_condition",
        "condition": {
          "type": "origins:and",
          "conditions": [
            {
              "type": "origins:entity_type",
              "entity_type": "minecraft:hoglin"
            },
            {
              "type": "origins:on_block"
            }
          ]
        }
      }
    }
  },
  "control_a": {
    "type": "origins:active_self",
    "key": {
      "key": "key.right",
      "continuous": true
    },
    "entity_action": {
      "type": "origins:riding_action",
      "bientity_action": {
        "type": "origins:and",
        "actions": [
          {
            "type": "origins:target_action",
            "action": {
              "type": "origins:and",
              "actions": [
                {
                  "type": "origins:add_velocity",
                  "x": -0.2,
                  "space": "local_horizontal_normalized"
                },
                {
                  "type": "origins:execute_command",
                  "command": "data modify entity @s Rotation[0] set from entity @p[distance=..2] Rotation[0]"
                },
                {
                  "type": "origins:execute_command",
                  "command": "execute at @s rotated as @p[distance=..2,sort=nearest] run tp @s ~ ~ ~ ~ ~"
                },
                {
                  "type": "origins:execute_command",
                  "command": "scale set pehkui:step_height 2"
                }
              ]
            }
          }
        ]
      },
      "bientity_condition": {
        "type": "origins:target_condition",
        "condition": {
          "type": "origins:and",
          "conditions": [
            {
              "type": "origins:entity_type",
              "entity_type": "minecraft:hoglin"
            },
            {
              "type": "origins:on_block"
            }
          ]
        }
      }
    }
  },
  "control_d": {
    "type": "origins:active_self",
    "key": {
      "key": "key.left",
      "continuous": true
    },
    "entity_action": {
      "type": "origins:riding_action",
      "bientity_action": {
        "type": "origins:and",
        "actions": [
          {
            "type": "origins:target_action",
            "action": {
              "type": "origins:and",
              "actions": [
                {
                  "type": "origins:add_velocity",
                  "x": 0.2,
                  "space": "local_horizontal_normalized"
                },
                {
                  "type": "origins:execute_command",
                  "command": "data modify entity @s Rotation[0] set from entity @p[distance=..2] Rotation[0]"
                },
                {
                  "type": "origins:execute_command",
                  "command": "execute at @s rotated as @p[distance=..2,sort=nearest] run tp @s ~ ~ ~ ~ ~"
                },
                {
                  "type": "origins:execute_command",
                  "command": "scale set pehkui:step_height 2"
                }
              ]
            }
          }
        ]
      },
      "bientity_condition": {
        "type": "origins:target_condition",
        "condition": {
          "type": "origins:and",
          "conditions": [
            {
              "type": "origins:entity_type",
              "entity_type": "minecraft:hoglin"
            },
            {
              "type": "origins:on_block"
            }
          ]
        }
      }
    }
  },
  "charge": {
    "type": "origins:active_self",
    "cooldown": 600,
    "key": "key.origins.primary_active",
    "hud_render": {
      "should_render": true
    },
    "entity_action": {
      "type": "origins:riding_action",
      "action": {
        "type": "origins:and",
        "actions": [
          {
            "type": "origins:add_velocity",
            "z": 3,
            "space": "local_horizontal_normalized"
          },
          {
            "type": "origins:execute_command",
            "command": "data modify entity @s Rotation[0] set from entity @p[distance=..2] Rotation[0]"
          },
          {
            "type": "origins:execute_command",
            "command": "execute at @s rotated as @p[distance=..2,sort=nearest] run tp @s ~ ~ ~ ~ ~"
          },
          {
            "type": "origins:execute_command",
            "command": "scale set pehkui:step_height 2"
          },
          {
            "type": "origins:area_of_effect",
            "radius": 2,
            "bientity_action": {
              "type": "origins:delay",
              "ticks": 20,
              "action": {
                "type": "origins:target_action",
                "action": {
                  "type": "origins:damage",
                  "amount": 20,
                  "source": {
                    "name": "dark_pulse"
                  }
                }
              }
            },
            "bientity_condition": {
              "type": "origins:target_condition",
              "condition": {
                "type": "origins:riding",
                "inverted": true
              }
            }
          }
        ]
      }
    }
  }
}
