{
  "name": "Upstraight and on your legs",
  "description": "After eons of eating that netherwart, you have evolved to become more than just a pig, and more sophisticated than a Hoglin. You are a Piglin, and you are proud of it.\nHelmets arent made for your head size. Only Leather, Chain, and Gold can stretch enough to fit you.\nGold Tools function as netherite for you.",
  "type": "origins:multiple",
  "piglin_no_hurt": {
    "type": "origins:modify_damage_taken",
    "modifier": {
      "operation": "multiply_total",
      "value": -1
    },
    "damage_condition": {
      "type": "origins:attacker",
      "entity_condition": {
        "type": "origins:or",
        "conditions": [
          {
            "type": "origins:entity_type",
            "entity_type": "minecraft:piglin"
          },
          {
            "type": "origins:entity_type",
            "entity_type": "minecraft:piglin_brute"
          }
        ]
      }
    }
  },
  "gold_sword": {
    "type": "origins:conditioned_attribute",
    "tick_rate": 5,
    "modifier": {
      "value": 4,
      "attribute": "minecraft:generic.attack_damage",
      "operation": "addition"
    },
    "condition": {
      "type": "origins:equipped_item",
      "equipment_slot": "mainhand",
      "item_condition": {
        "type": "origins:ingredient",
        "ingredient": {
          "item": "minecraft:golden_sword"
        }
      }
    }
  },
  "gold_pickaxe": {
    "type": "origins:conditioned_attribute",
    "tick_rate": 5,
    "modifier": {
      "value": 4,
      "attribute": "minecraft:generic.attack_damage",
      "operation": "addition"
    },
    "condition": {
      "type": "origins:equipped_item",
      "equipment_slot": "mainhand",
      "item_condition": {
        "type": "origins:ingredient",
        "ingredient": {
          "item": "minecraft:golden_pickaxe"
        }
      }
    }
  },
  "gold_axe": {
    "type": "origins:conditioned_attribute",
    "tick_rate": 5,
    "modifier": {
      "value": 3,
      "attribute": "minecraft:generic.attack_damage",
      "operation": "addition"
    },
    "condition": {
      "type": "origins:equipped_item",
      "equipment_slot": "mainhand",
      "item_condition": {
        "type": "origins:ingredient",
        "ingredient": {
          "item": "minecraft:golden_axe"
        }
      }
    }
  },
  "gold_shovel": {
    "type": "origins:conditioned_attribute",
    "tick_rate": 5,
    "modifier": {
      "value": 4,
      "attribute": "minecraft:generic.attack_damage",
      "operation": "addition"
    },
    "condition": {
      "type": "origins:equipped_item",
      "equipment_slot": "mainhand",
      "item_condition": {
        "type": "origins:ingredient",
        "ingredient": {
          "item": "minecraft:golden_shovel"
        }
      }
    }
  },
  "gold_hoe": {
    "type": "origins:conditioned_attribute",
    "tick_rate": 5,
    "modifier": {
      "value": 2,
      "attribute": "minecraft:generic.attack_speed",
      "operation": "addition"
    },
    "condition": {
      "type": "origins:equipped_item",
      "equipment_slot": "mainhand",
      "item_condition": {
        "type": "origins:ingredient",
        "ingredient": {
          "item": "minecraft:golden_hoe"
        }
      }
    }
  },
  "origin_counter": {
    "type": "origins:action_on_callback",
    "entity_action_chosen": {
      "type": "origins:and",
      "actions": [
        {
          "type": "origins:execute_command",
          "command": "scoreboard players add Piglin Origin 1"
        }
      ]
    },
    "entity_action_lost": {
      "type": "origins:and",
      "actions": [
        {
          "type": "origins:execute_command",
          "command": "scoreboard players remove Piglin Origin 1"
        }
      ]
    }
  },
  "eat_netherwart": {
    "type": "apugli:edible_item",
    "food_component": {
      "always_edible": false,
      "hunger": 3,
      "meat": false,
      "saturation": 0.2,
      "snack": true
    },
    "item_condition": {
      "type": "origins:ingredient",
      "ingredient": {
        "item": "minecraft:nether_wart"
      }
    }
  },
  "helmet": {
    "type": "origins:restrict_armor",
    "head": {
      "inverted": true,
      "type": "origins:ingredient",
      "ingredient": {
        "tag": "luna:helmet_flex"
      }
    }
  },
  "helmet_strong": {
    "type": "origins:modify_enchantment_level",
    "enchantment": "minecraft:unbreaking",
    "modifier": {
      "value": 3,
      "operation": "addition"
    },
    "item_condition": {
      "type": "origins:ingredient",
      "ingredient": {
        "tag": "luna:helmet_flex"
      }
    },
    "condition": {
      "type": "origins:equipped_item",
      "equipment_slot": "head",
      "item_condition": {
        "type": "origins:ingredient",
        "ingredient": {
          "tag": "luna:helmet_flex"
        }
      }
    }
  },
  "passive_piglins": {
    "type": "origins:action_over_time",
    "interval": 20,
    "entity_action": {
      "type": "origins:area_of_effect",
      "radius": 64,
      "bientity_action": {
        "type": "origins:target_action",
        "action": {
          "type": "origins:execute_command",
          "command": "function luna:piglin/passive"
        }
      },
      "bientity_condition": {
        "type": "origins:target_condition",
        "condition": {
          "type": "origins:or",
          "conditions": [
            {
              "type": "origins:entity_type",
              "entity_type": "minecraft:piglin"
            },
            {
              "type": "origins:entity_type",
              "entity_type": "minecraft:piglin_brute"
            },
            {
              "type": "origins:entity_type",
              "entity_type": "minecraft:hoglin"
            },
            {
              "type": "origins:entity_type",
              "entity_type": "minecraft:zombified_piglin"
            }
          ]
        }
      }
    }
  },
  "team": {
    "type": "origins:action_on_callback",
    "entity_action_chosen": {
      "type": "origins:execute_command",
      "command": "function luna:piglin/passive"
    },
    "entity_action_lost": {
      "type": "origins:execute_command",
      "command": "function luna:piglin/passive"
    }
  },
  "harvest": {
    "type": "origins:modify_harvest",
    "allow": true,
    "condition": {
      "type": "origins:equipped_item",
      "equipment_slot": "mainhand",
      "item_condition": {
        "type": "origins:ingredient",
        "ingredient": {
          "item": "minecraft:golden_pickaxe"
        }
      }
    }
  }
}
