{
  "name": "Command Warrior",
  "description": "A follower of the all powerful command block, you have sewn a suit into your skin that gives you abilities gifted by the command block.",
  "powers": [
    "commandarmor:cobbleblast",
    "commandarmor:telekinesis",
    "commandarmor:telekinesishidden",
    "commandarmor:fly",
    "commandarmor:nofall",
    "commandarmor:villagerannoy",
    "commandarmor:energystorm",
    "commandarmor:summonzombie",
    "command:warrior/command"
  ],
  "icon": {
    "item": "minecraft:command_block"
  },
  "unchoosable": true,
  "impact": 3
}
