{
  "name": "Healer",
  "description": "You can heal yourself\nYou can heal others by hitting them",
  "type": "origins:multiple",
  "badges": [
    {
      "type": "origins:tooltip",
      "text": "Use [Load Hotbar] to heal yourself.",
      "sprite": "origins:textures/gui/badge/info.png"
    }
  ],
  "healing_others": {
    "type": "origins:active_self",
    "hud_render": {
      "should_render": true,
      "sprite_location": "origins:textures/gui/community/huang/resource_bar_01.png",
      "bar_index": 4
    },
    "cooldown": 600,
    "key": {
      "key": "key.loadToolbarActivator"
    },
    "entity_action": {
      "type": "origins:and",
      "actions": [
        { "type": "origins:heal", "amount": 10 },
        {
          "type": "origins:execute_command",
          "command": "particle heart ~ ~ ~ 0 0 0 1 1 force"
        }
      ]
    },
    "condition": {
      "type": "origins:resource",
      "compare_to": 0,
      "comparison": "==",
      "resource": "luna:kitsune/power_active_healing"
    }
  },
  "heal_others": {
    "type": "origins:action_on_hit",
    "cooldown": 10,
    "hud_render": {
      "should_render": false
    },
    "bientity_action": {
      "type": "origins:target_action",
      "action": {
        "type": "origins:and",
        "actions": [
          {
            "type": "origins:heal",
            "amount": 4
          },
          {
            "type": "origins:execute_command",
            "command": "particle heart ~ ~ ~ 0 0 0 1 1 force"
          }
        ]
      }
    },
    "condition": {
      "type": "origins:on_fire",
      "inverted": true
    }
  },
  "pa_reset": {
    "type": "origins:action_over_time",
    "interval": 400,
    "entity_action": {
      "type": "origins:change_resource",
      "change": 0,
      "operation": "set",
      "resource": "luna:kitsune/power_active_healing"
    },
    "condition": {
      "type": "origins:resource",
      "compare_to": 1,
      "comparison": "==",
      "resource": "luna:kitsune/power_active_healing"
    }
  }
}
