{
  "name": "Passive Mobs",
  "description": "Mobs know you wont hurt them so they wont hurt you!",
  "type": "origins:multiple",
  "neutralmobs": {
    "type": "apugli:mobs_ignore",
    "mob_condition": {
      "type": "origins:or",
      "conditions": [
        {
          "type": "origins:entity_type",
          "entity_type": "minecraft:skeleton"
        },
        {
          "type": "origins:entity_type",
          "entity_type": "minecraft:zombie"
        },
        {
          "type": "origins:entity_type",
          "entity_type": "minecraft:husk"
        },
        {
          "type": "origins:entity_type",
          "entity_type": "minecraft:drowned"
        },
        {
          "type": "origins:entity_type",
          "entity_type": "minecraft:stray"
        },
        {
          "type": "origins:entity_type",
          "entity_type": "minecraft:wither_skeleton"
        },
        {
          "type": "origins:entity_type",
          "entity_type": "minecraft:zombified_piglin"
        },
        {
          "type": "origins:entity_type",
          "entity_type": "minecraft:creeper"
        },
        {
          "type": "origins:entity_type",
          "entity_type": "minecraft:spider"
        },
        {
          "type": "origins:entity_type",
          "entity_type": "minecraft:cave_spider"
        },
        {
          "type": "origins:entity_type",
          "entity_type": "minecraft:piglin"
        },
        {
          "type": "origins:entity_type",
          "entity_type": "minecraft:piglin_brute"
        }
      ]
    }
  }
}
